PropertyID,Primary Property Type - Self Selected,Address 1,Postal Code,Fine_2024_$,Fine_2030_$,n_energy_permits,first_permit_year,last_permit_year,last_permit_date,n_mech,n_boiler,n_plumb,n_elec,n_solar,n_fire_borderline,Property Name,"NYC Borough, Block and Lot (BBL)",NYC Building Identification Number (BIN),City,Primary Property Type - Portfolio Manager-Calculated,Largest Property Use Type,Largest Property Use Type - Gross Floor Area (ft²),Year Built,ENERGY STAR Score,Site EUI (kBtu/ft²),Site Energy Use (kBtu),Source EUI (kBtu/ft²),Weather Normalized Source EUI (kBtu/ft²),National Median Source EUI (kBtu/ft²),Source Energy Use (kBtu),Fuel Oil #1 Use (kBtu),Fuel Oil #2 Use (kBtu),District Steam Use (kBtu),District Hot Water Use (kBtu),Natural Gas Use (kBtu),Electricity Use - Grid Purchase (kBtu),Electricity Use - Grid Purchase (kWh),Total (Location-Based) GHG Emissions (Metric Tons CO2e),Property GFA - Self-Reported (ft²),Latitude,Longitude,Total GHG/GFA,GHG_2024_calc,GHG_2030_calc,LimitFactor_2024_tperft2,LimitFactor_2030_tperft2,Permitted_2024_tons,Permitted_2030_tons,Fine_2024_$_owner,Fine_2030_$_owner,n_pluto_parcels,bbl_list,owner_names,owner_types,primary_owner,owner_category
26598766,Multifamily Housing,272-40 Grand Central Parkway,11005,857233.757899999,2744305.5815732,6,2015.0,2019.0,2019-11-06,6,0,0,0,0,0,North Shore Towers Campus,4084890001,"4456885, 4453535, 4456886, 4456888, 4576940, 4585152, 4585153",Floral Park,Multifamily Housing,Multifamily Housing,2400000.0,1974,Not Available,148.0,389001784.7,155.3,153.9,118.1,408167691.7,Not Available,15258903.8,Not Available,Not Available,373556495.9,186385,54626.3,20989.5,2628925.0,40.759289,-73.713493,0.007984062,20943.877175,20939.6709499,0.00675,0.00407,17745.24375,10699.72475,857233.757899999,2744305.5815732,1.0,4084890001.0,NORTH SHORE TOWERS APARTMENTS INC,,NORTH SHORE TOWERS APARTMENTS INC,Corporate / Investment / LLC
2830986,Multifamily Housing,65 EAST 99TH STREET,10029,2030414.0434988,2698439.8808608004,1,2018.0,2018.0,2018-04-05,1,0,0,0,0,0,CARVER,1016050024;1016080023;1016100023,1078838;1078839;1078840;1078841;1079192;1079193;1082312;1082313;1082314;1082315;1082659;1082660;1082661,MANHATTAN,Multifamily Housing,Multifamily Housing,1164050.0,1958,1,234.8,273350415.7,288.3,293.8,143.9,335640514.8,Not Available,0,Not Available,Not Available,245566085.2,27784330.5,8143120.5,15392.1,1164050.0,40.788974,-73.952259,0.013222886,15433.5093041,14806.4890256,0.00675,0.00407,7857.3375,4737.6835,2030414.0434988,2698439.8808608004,3.0,1016050024.0; 1016080023.0; 1016100023.0,NYC HOUSING AUTHORITY,O,NYC HOUSING AUTHORITY,Public Housing / Government
2831029,Multifamily Housing,1180 GRENADA PLACE,10466,1494659.072709601,2658826.070373201,1,2016.0,2016.0,2016-03-30,0,0,1,0,0,0,EDENWALD,2049050001,2093739;2094137;2094138;2094139;2094140;2094141;2094142;2094143;2094144;2094145;2094146;2094147;2094148;2094149;2094150;2094151;2094152;2094153;2094154;2094155;2094156;2094157;2094158;2094159;2094160;2094161;2094162;2094163;2094164;2094165;2094166;2094168;2094169;2094171;2094172;2094173;2094174;2094176;2094177;2094178;2097991;2112989,BRONX,Multifamily Housing,Multifamily Housing,2003603.0,1953,4,165.3,331206362.4,213.3,217.5,137.1,427308888.4,Not Available,0,Not Available,Not Available,285753672.3,45452690.2,13321419.9,19020.4,2003603.0,40.888179,-73.843652,0.009493098,19101.406342200004,18075.6570099,0.00675,0.00407,13524.32025,8154.66421,1494659.072709601,2658826.070373201,1.0,2049050001.0,CSA PRESERVATION PARTNERS LLC,O,CSA PRESERVATION PARTNERS LLC,Corporate / Investment / LLC
2831221,Multifamily Housing,65 TOMPKINS AVENUE,11206,1965021.8947588,2616597.7539936,3,2009.0,2014.0,2014-05-14,2,0,1,0,0,0,TOMPKINS,3017400001,3324248;3324249;3324250;3324251;3324252;3324253;3324254;3324255;3388151,BROOKLYN,Multifamily Housing,Multifamily Housing,1143000.0,1964,1,232.7,265924365.6,287.2,292.4,143.7,328228292.9,Not Available,0,Not Available,Not Available,237919960.4,28004405.2,8207620.7,15004.6,1143000.0,40.697459,-73.946688,0.013127384,15047.4212491,14415.4344552,0.00675,0.00407,7715.25,4652.01,1965021.8947588,2616597.7539936,1.0,3017400001.0,NYC HOUSING AUTHORITY,O,NYC HOUSING AUTHORITY,Public Housing / Government
2640593,Multifamily Housing,189-02 64 Ave,11365,1702198.6570752,2472381.5462360005,0,,,,0,0,0,0,0,0,QFR (BBL - 4071170003),4071170003,4444026;4444035;4444031;4444037;4444038;4444040;4444023;4444025;4444028;4445146;4617849;4617890;4617899;4444030;4444024;4444034;4444036;4444044;4455624;4444027;4444032;4444033;4444039;4444041;4444042;4444045;4617847;4617848;4617850;4617877;4617878;4617879;4617880;4617881;4617882;4617883;4617884;4617886;4617887;4617888;4617889;4617891;4617892;4617893;4617894;4617895;4617896;4617898;4617900;4617901;4617902;4617903,Fresh Meadows,Multifamily Housing,Multifamily Housing,1228778.0,1947,1,215.2,264399261.4,252.4,256.2,114.4,310134680.3,Not Available,Not Available,Not Available,Not Available,245819001,18580260.4,5445562.2,14627.4,1228778.0,40.739623,-73.783859,0.011904022,14645.7390264,14226.430737,0.00675,0.00407,8294.2515,5001.1264599999995,1702198.6570752,2472381.5462360005,1.0,4071170003.0,"QUEENS FRESH MEADOWS, LLC",,"QUEENS FRESH MEADOWS, LLC",Corporate / Investment / LLC
2831242,Multifamily Housing,1761 3RD AVENUE,10029,1678975.1943664,2425188.2172076004,0,,,,0,0,0,0,0,0,WASHINGTON,1016470001;1016490001;1016520001,1074265;1079202;1079203;1080680;1080681;1080682;1080683;1082342;1082343;1082344;1082345;1083456;1083457;1083461;1083462;1083464;1813126,MANHATTAN,Multifamily Housing,Multifamily Housing,1404388.0,1957,1,191.7,269187399.7,255.3,262.1,144.0,358593470.5,Not Available,0,Not Available,Not Available,225789284.9,43398114.8,12719258.3,15661.7,1404388.0,40.786135,-73.948625,0.011151975,15744.4518148,14765.0689257,0.00675,0.00407,9479.619,5715.85916,1678975.1943664,2425188.2172076004,3.0,1016470001.0; 1016490001.0; 1016520001.0,NYC HOUSING AUTHORITY,O,NYC HOUSING AUTHORITY,Public Housing / Government
6338206,College/University,605 W 129th street,10027,1869254.3295036,2391997.6982347355,38,2010.0,2021.0,2021-07-06,35,2,3,0,0,0,Jerome L. Greene Science Center,1019960023,1089936,New york,College/University,College/University,517876.0,2017,Not Available,326.4,169021654.8,653.2,Not Available,180.6,338262642.2,Not Available,0,Not Available,Not Available,77141709.3,91879945.5,26928468.4,11865,517876.0,40.816657,-73.958619,0.02291089,12086.2657077,10012.7736409,0.00987,0.002099748,5111.43612,1087.409095248,1869254.3295036,2391997.6982347355,1.0,1019960023.0,THE TRUSTEES OF COLUMBIA UNIVERSITY IN THE CITY OF NEW YORK,,THE TRUSTEES OF COLUMBIA UNIVERSITY IN THE CITY OF NEW YORK,Government / Municipal
5812514,Office,530 W 57th Street,10021,2534695.5016480004,2347887.917616,0,,,,0,0,0,0,0,0,CBS Broadcast Center,1-01085-0001;1-01085-0023;1-01085-0041; 1-01085-0039,1076216;1027065;1027069; 1027068,New York,Office,Office,491870.0,1930,Not Available,288.4,215402345.0,658.7,Not Available,116.4,492014904.0,Not Available,Not Available,67313981.3,Not Available,653600,146054763.6,42806197.5,16954.3,746973.0,40.769996,-73.990668,0.02269734,15777.210616,12144.563502,0.00846,0.00453,6319.39158,3383.78769,2534695.5016480004,2347887.917616,1.0,1.0,,,,Unknown
2831015,Multifamily Housing,177 NAGLE AVENUE,10034,1722235.1292564,2324997.4386628,2,2005.0,2010.0,2010-09-08,0,0,2,0,0,0,DYCKMAN,1022160001,1080027;1080028;1080029;1080030;1080031;1080032;1080033;1082911,MANHATTAN,Multifamily Housing,Multifamily Housing,1122000.0,1951,1,216.2,242574436.8,279.4,Not Available,135.0,313470748.9,Not Available,0,Not Available,Not Available,208992956.7,33581480.1,9842167.6,13939.6,1122000.0,40.861686,-73.92446,0.012423886,13999.7504823,13241.9035771,0.00675,0.00407,7573.5,4566.54,1722235.1292564,2324997.4386628,1.0,1022160001.0,NYC HOUSING AUTHORITY,O,NYC HOUSING AUTHORITY,Public Housing / Government
2831236,Multifamily Housing,70 GOUVERNEUR STREET,10002,1770285.1293164005,2240553.8981324,2,2006.0,2023.0,2023-04-17,1,0,1,0,0,0,VLADECK,1002600001;1002600075;1002670024,1077520;1077521;1077522;1077523;1077524;1077525;1077526;1077527;1077528;1077529;1083388;1083389;1083390;1083391;1083392;1083393;1083394;1083395;1083404;1083405,MANHATTAN,Multifamily Housing,Multifamily Housing,1190112.0,1940,1,197.8,235363707.2,301.1,300.2,142.8,358391483.5,Not Available,Not Available,Not Available,Not Available,171786798.1,63576909.1,18633324,14499.3,1190112.0,40.712545,-73.983775,0.012183139,14638.7975273,13204.0315793,0.00675,0.00407,8033.256,4843.75584,1770285.1293164005,2240553.8981324,3.0,1002600001.0; 1002600075.0; 1002670024.0,NYC HOUSING AUTHORITY,O,NYC HOUSING AUTHORITY,Public Housing / Government
21354591,College/University,2001 Oriental Blvd,11235,0.0,2222036.7274941443,1,2019.0,2019.0,2019-10-30,1,0,0,0,0,0,Benchmarking Group - 44,3087600060,3326936; 3326937; 3326934; 3326939; 3347727; 3347725; 3326938; 3226937; 3326935; 3348024; 3347726; 3852579; 3852580; 3852581; 3852582; 3852583; 3852584; 3852585; 3852586; 3347724,Brooklyn,College/University,College/University,1177626.0,1967,Not Available,122.6,203032560.8,202.7,202.7,180.6,335540672.2,Not Available,9977125.9,Not Available,Not Available,122753702.7,70149518.2,20559645.3,13202.2,1655529.0,40.578497,-73.9349,0.007974611,13350.4682138,11767.3755257,0.00987,0.002099748,16340.07123,3476.1937066919995,0.0,2222036.7274941443,1.0,3087600060.0,CITY UNIVERSITY OF NEW YORK,O,CITY UNIVERSITY OF NEW YORK,College / University / Education
15782721,Multifamily Housing,845 Schenck Avenue,11207,1846490.4661319996,2216766.3610568,2,2007.0,2010.0,2010-11-30,1,0,1,0,0,0,Boulevard Houses Buildings 11-18,3-04377-0001,3324278;3324277;3324162;3324274;3324275;3324276;3324279;3324280;3831650,Brooklyn,Multifamily Housing,Multifamily Housing,621343.0,1951,1,323.6,201059445.7,375.2,385.6,137.2,233102199.7,Not Available,Not Available,Not Available,Not Available,188493856.2,12565589.5,3682763.2,11074.1,621343.0,40.659523,-73.88271,0.017822845,11083.955048999998,10800.3822826,0.00675,0.00407,4194.06525,2528.8660099999997,1846490.4661319996,2216766.3610568,1.0,3.0,,,,Unknown
21354907,College/University,2800 Victory Blvd,10314,0.0,2213077.8304440957,1,2011.0,2011.0,2011-04-29,1,0,0,0,0,0,Benchmarking Group - 65,5020400001,5107296; 5131066; 5107294; 5107291; 5107288; 5107297; 5107289; 5107292; 5107304; 5107295; 5107303; 5107293; 5107301; 5130987; 5107302; 5107299; 5131067; 5107305; 5107298; 5107300; 5130988,Staten Island,College/University,College/University,1168375.0,1942,Not Available,135.9,192305537.5,256.5,255.5,180.6,363092368.8,Not Available,Not Available,Not Available,Not Available,99833165.2,92106396.3,26994837.4,13116.5,1415536.0,40.608853,-74.153335,0.009266101,13308.6244634,11230.0219836,0.00987,0.002099748,13971.34032,2972.268884928,0.0,2213077.8304440957,1.0,5020400001.0,DORMITORY AUTHORITY OF THE STATE OF NEW YORK,X,DORMITORY AUTHORITY OF THE STATE OF NEW YORK,Government / State
21354206,College/University,2900 Goulden Ave,10468,2365202.5199160003,2200676.3315941766,4,2005.0,2020.0,2020-12-22,1,0,3,0,0,0,CUNY SC > LC_399_Lehman College: Shuster Hall,2032470220,2015245,Bronx,College/University,College/University,102966.0,1960,Not Available,1412.5,145443414.0,2548.1,2521.7,180.6,262362967.5,Not Available,Not Available,Not Available,Not Available,82787766.6,62655647.4,18363317.6,9694.2,102966.0,40.873595,-73.895624,0.094149525,9841.656957,8427.681501800002,0.00987,0.002099748,1016.27442,216.202652568,2365202.5199160003,2200676.3315941766,1.0,2032470220.0,DORMITORY AUTHORITY OF THE STATE OF NEW  YORK,X,DORMITORY AUTHORITY OF THE STATE OF NEW  YORK,Individual / Small Private Owner
2830970,Multifamily Housing,1455 HARROD AVENUE,10472,1652953.0127228005,2184856.2921216004,5,2011.0,2020.0,2020-08-11,3,0,2,0,0,0,BRONX RIVER,2038860002,2092902;2092903;2092904;2092905;2092906;2092907;2092908;2092909;2092911;2098986,BRONX,Multifamily Housing,Multifamily Housing,1244450.0,1966,1,190.0,236424707.4,283.6,Not Available,144.1,352964288.9,Not Available,Not Available,Not Available,Not Available,176585652.4,59839055,17537821.7,14438.2,1244450.0,40.835052,-73.874981,0.011602073,14567.7726221,13217.3603512,0.00675,0.00407,8400.0375,5064.9115,1652953.0127228005,2184856.2921216004,1.0,2038860002.0,NYC HOUSING AUTHORITY,O,NYC HOUSING AUTHORITY,Public Housing / Government
2831135,Multifamily Housing,306 BEACH 56TH STREET,11692,1947484.6831632,2159041.4403163996,5,2016.0,2023.0,2023-04-24,5,0,0,0,0,0,OCEAN BAY APARTMENTS (OCEANSIDE),4158920001,4301926;4430540;4436419;4436420;4436421;4436422;4436423;4436424;4436426;4437858;4533004,Queens,Multifamily Housing,Multifamily Housing,390000.0,1951,1,460.2,179496497.2,534.1,546.1,133.6,208308158.4,Not Available,0,Not Available,Not Available,168161162.1,11335335.1,3322196.3,9890.1,390000.0,40.592929,-73.786059,0.025359231,9899.2338924,9643.4247773,0.00675,0.00407,2632.5,1587.3,1947484.6831632,2159041.4403163996,1.0,4158920001.0,NYC HOUSING AUTHORITY,O,NYC HOUSING AUTHORITY,Public Housing / Government
2831120,Multifamily Housing,180 BROOK AVENUE,10454,1642791.0855512002,2123292.9852795997,0,,,,0,0,0,0,0,0,MILL BROOK,2022630019;2025480001,2090984;2090985;2090986;2090987;2091266;2091267;2091268;2091269;2091270,BRONX,Multifamily Housing,Multifamily Housing,1158740.0,1962,1,194.9,225872379.9,292.5,293.6,144.0,338944859.8,Not Available,Not Available,Not Available,Not Available,167713030.9,58159349,17045528.1,13824.9,1158740.0,40.806073,-73.920297,0.011930977,13951.3124834,12638.8068197,0.00675,0.00407,7821.495,4716.0718,1642791.0855512002,2123292.9852795997,2.0,2022630019.0; 2025480001.0,NYC HOUSING AUTHORITY,O,NYC HOUSING AUTHORITY,Public Housing / Government
2831088,Multifamily Housing,325 CLASSON AVENUE,11205,1547799.8150724005,2123160.8813796,1,2015.0,2015.0,2015-08-06,1,0,0,0,0,0,LAFAYETTE,3019380001,3321865;3321866;3321868;3321869;3321871;3339158;3346319,BROOKLYN,Multifamily Housing,Multifamily Housing,995000.0,1962,1,222.0,220897079.8,273.6,279.1,142.0,272244664.6,Not Available,0,Not Available,Not Available,197866947.9,23030131.9,6749744.8,12456.6,995000.0,40.690026,-73.96022,0.012519196,12491.6224443,11971.8920947,0.00675,0.00407,6716.25,4049.65,1547799.8150724005,2123160.8813796,1.0,3019380001.0,NYC HOUSING AUTHORITY,O,NYC HOUSING AUTHORITY,Public Housing / Government
2831239,Multifamily Housing,90 PALADINO AVENUE,10035,1000657.1789652,2112474.3923676005,1,2020.0,2020.0,2020-08-18,0,0,1,0,0,0,WAGNER,1017970001;1018080001,1081275;1081276;1081277;1081278;1081279;1081280;1081281;1081282;1081283;1081284;1081285;1081286;1081287;1081288;1081289;1081290;1081291;1081292;1081293;1081294;1081295;1081296,MANHATTAN,Multifamily Housing,Multifamily Housing,1981410.0,1958,10,146.2,289733691.2,199.0,200,144.8,394297737.6,Not Available,0,Not Available,Not Available,238260912.9,51472778.2,15085806.6,17006.7,1981410.0,40.797941,-73.929596,0.00858313,17108.3129439,15946.7058357,0.00675,0.00407,13374.5175,8064.338699999999,1000657.1789652,2112474.3923676005,2.0,1017970001.0; 1018080001.0,NYC HOUSING AUTHORITY,O,NYC HOUSING AUTHORITY,Public Housing / Government
2681764,Multifamily Housing,671 Lincoln Avenue,11208,1903163.9983504,2087556.1720288,12,2007.0,2023.0,2023-01-17,12,1,0,0,0,0,RY - 671 Lincoln Ave,3-04271-0005,3095889,Brooklyn,Multifamily Housing,Multifamily Housing,323070.0,1975,1,509.4,170685558.0,583.5,600.8,126.5,195501057.0,Not Available,Not Available,Not Available,Not Available,161382003.2,9303554.9,2726715.6,9358.3,335070.0,40.672955,-73.866507,0.027929388,9363.0807028,9153.123601599998,0.00675,0.00407,2261.7225,1363.7349,1903163.9983504,2087556.1720288,1.0,3.0,,,,Unknown
2831147,Multifamily Housing,2931 F DOUGLASS BOULEVARD,10039,1096831.0912876003,2064655.5775228,0,,,,0,0,0,0,0,0,POLO GROUNDS TOWERS,1021060003;1021060050,1082089;1082090;1084518;1084519;1084520;1084521;1087107;1087108;1810098,MANHATTAN,Multifamily Housing,Multifamily Housing,1715703.0,1968,5,156.0,267640402.9,208.4,206.8,140.5,357544181.6,Not Available,0,Not Available,Not Available,223913683.7,43726719.2,12815566.8,15589.8,1715703.0,40.829323,-73.937166,0.009086538,15673.6485757,14686.8499321,0.00675,0.00407,11580.99525,6982.911209999999,1096831.0912876003,2064655.5775228,2.0,1021060003.0; 1021060050.0,NYC DEPARTMENT OF EDUCATION; NYC HOUSING AUTHORITY,C; O,NYC DEPARTMENT OF EDUCATION,Government / Municipal
2640625,Multifamily Housing,67-10 192 ST,11365,37455.86004239968,2048187.6398312007,0,,,,0,0,0,0,0,0,Queens Fresh Meadows (Parent),4071170003;4071170006;4071170300;4071170008;4071150002;4071170002,4444026;4444035;4444031;4444037;4444038;4444040;4444023;4444025;4444028;4445146;4617849;4617890;4617899;4444030;4444024;4444034;4444036;4444044;4455624;4444027;4444032;4444033;4444039;4444041;4444042;4444045;4617847;4617848;4617850;4617877;4617878;4617879;4617880;4617881;4617882;4617883;4617884;4617886;4617887;4617888;4617889;4617891;4617892;4617893;4617894;4617895;4617896;4617898;4617900;4617901;4617902;4617903;4440207;4440220;4440224;4453975;4453976;4440225;4440222;4440202;4453973;4440208;4440209;4440205;4440206;4440210;4440211;4440212;4440213;4440214;4440217;4440218;4440221;4849753;4453977;4440216;4453974;4440226;4440219;4440215;4444096;4444047;4444048;4444052;4444055;4444058;4444090;4444091;4444093;4444094;4444051;4453875;4444046;4444092;4444095;4590485;4590489;4590492;4590657;4590658;4590680;4590681;4590682;4590689;4590690;4590691;4590692;4590693;4590694;4590700;4590769;4590780;4590784;4590785;4590788;4590803;4590804;4590805;4590884;4590888;4590891;4590892;4590894;4590896;4590937;4590938;4590941;4590942;4590944;4590950;4590951;4590954;4590512;4590513;4590515;4590517;4590520;4590533;4590536;4590539;4590540;4590542;4590543;4590518;4613458;4613459;4463760;4463756;4463765;4463768;4463769;4463776;4463783;4463750;4594115;4594337;4594338;4594339;4594363;4594364;4594365;4594371;4594372;4594379;4594380;4594381;4594386;4594387;4594389;4594393;4594394;4594395;4594405;4594443;4594444;4594445;4594446;4594454;4594455;4594461;4594462;4594466;4594467;4594468;4463748;4463780;4453870;4537684;4542692;4587609;4587611;4587613;4587615;4587619;4587621;4588104;4588105;4588107;4588110;4588121;4588123;4588126;4588131;4588469;4588472;4588486;4588488;4588646;4588649;4588690;4588691;4588692;4588693;4588695;4588845;4588848;4588849;4588885;4588886;4588887;4589158;4589160;4589201;4589202;4589684;4589685;4589686;4589687;4589773;4589774;4589775;4589776;4589803;4589804;4589805;4589806;4589818;4589819;4589820;4463767;4463775;4463747;4463749;4463751;4463752;4463754;4463755;4463757;4463758;4463759;4463761;4463763;4463764;4463766;4463770;4463771;4463772;4463773;4463774;4463777;4463778;4463779;4463781;4589971;4589972;4589974;4589975;4589980;4589982;4589983;4589985;4590004;4590005;4590006;4590007;4590058;4590063;4590066;4590080;4590081;4590082;4590084;4590085;4590146;4590147;4590148;4590149;4590150;4590171;4590172;4590173;4590294;4590295;4590298;4590300;4590301;4590302;4463753;4443991;4443992;4443995;4443996;4443997;4443998;4444000;4444001;4444002;4444003;4444005;4444006;4444007;4444008;4444009;4444010;4444011;4444013;4444014;4444015;4444016;4444017;4444018;4444020;4443993;4458379;4461348;4537681;4444004;4444019;4444021;4444022;4454027;4547326;4547305;4547312;4547313;4547314;4547315;4547316;4547317;4547318;4547319;4547320;4547321;4547322;4547323;4547324;4547325;4547328;4547329;4547330;4547331;4547332;4547333;4547334;4547335;4547336;4547337;4547338;4547339;4547340;4547341;4547342;4547343;4547344;4547345;4547346;4547347;4547348;4547350;4547351;4547352;4547353;4547355;4547356;4547357;4547358;4547359;4547360;4547361;4547362;4547363;4547364;4547365;4547366;4547367;4547370;4547371;4547372;4547373;4547374;4547375;4547376;4547377;4547379;4547380;4547381;4547382;4547383;4547384;4547385;4547386;4547392;4547394;4547395;4547396;4547397;4547398;4443994;4617853;4617851;4617852;4547368;4547369,Fresh Meadows,Multifamily Housing,Multifamily Housing,3183550.0,1947,15,117.1,372934132.9,147.9,149.3,114.8,470797799.3,Not Available,14788770,Not Available,Not Available,312540499.8,45604863.1,13366019.2,21553.5,3183550.0,40.737659,-73.781459,0.006770272,21628.7231718,20599.5396934,0.00675,0.00407,21488.9625,12957.0485,37455.86004239968,2048187.6398312007,6.0,4071150002.0; 4071170002.0; 4071170003.0; 4071170006.0; 4071170008.0; 4071170300.0,"QUEENS FRESH MEADOWS, LLC",,"QUEENS FRESH MEADOWS, LLC",Corporate / Investment / LLC
2831111,Multifamily Housing,311 GRANDVIEW AVENUE,10303,1697018.8891655998,2047234.9415588,2,2009.0,2015.0,2015-08-26,1,0,1,0,0,0,MARINER'S HARBOR,5012450001;5012480200,5109114;5109118;5109119;5109120;5109121;5109122;5109123;5109124;5109125;5109126;5109127;5109128;5109129;5109130;5109131;5109132;5109989;5110007;5110012;5110014;5110016;5110121,STATEN ISLAND,Multifamily Housing,Multifamily Housing,627795.0,1954,1,300.2,188461771.3,361.6,376.2,137.8,226992196.5,Not Available,690055.4,Not Available,Not Available,171123179.5,16648536.5,4879406.3,10547.9,627795.0,40.633251,-74.165187,0.016801504,10569.7762842,10194.0619991,0.00675,0.00407,4237.61625,2555.12565,1697018.8891655998,2047234.9415588,2.0,5012450001.0; 5012480200.0,NYC HOUSING AUTHORITY,O,NYC HOUSING AUTHORITY,Public Housing / Government
2831086,Multifamily Housing,45 RUTGERS STREET,10002,1565503.4209804002,2029500.2078796,2,2005.0,2015.0,2015-08-26,1,0,1,0,0,0,LA GUARDIA,1002560001;1002580001,1077514;1077515;1077516;1077517;1077518;1083384;1083385;1083386;1083387,MANHATTAN,Multifamily Housing,Multifamily Housing,1058212.0,1957,1,201.8,213543785.9,292.8,Not Available,142.1,309883655.4,Not Available,Not Available,Not Available,Not Available,164593682.9,48950103,14346452.8,12880.6,1058212.0,40.712076,-73.989864,0.012172041,12984.3616753,11879.6848097,0.00675,0.00407,7142.931,4306.92284,1565503.4209804002,2029500.2078796,2.0,1002560001.0; 1002580001.0,NYC HOUSING AUTHORITY,O,NYC HOUSING AUTHORITY,Public Housing / Government
2831148,Multifamily Housing,65-10 PARSONS BOULEVARD,11365,661982.5293932005,2016904.8784960003,0,,,,0,0,0,0,0,0,POMONOK,4067920001;4067920030,4451584;4451585;4451586;4451587;4451588;4451589;4451590;4451591;4451592;4451593;4451594;4455414;4455415;4455416;4455417;4455418;4455419;4455420;4455421;4455422;4455423;4455424;4455425;4455426;4455427;4455428;4455429;4455430;4455431;4455432;4455433;4455434;4455435;4455436;4455437,QUEENS,Multifamily Housing,Multifamily Housing,2232000.0,1952,8,135.0,301380893.0,173.8,176.7,123.4,387947415.9,Not Available,7894841.9,Not Available,Not Available,252449895.8,41036155.4,12027007.7,17463.9,2232000.0,40.736585,-73.810517,0.007824328,17536.084064900002,16610.004472,0.00675,0.00407,15066.0,9084.24,661982.5293932005,2016904.8784960003,2.0,4067920001.0; 4067920030.0,NYC HOUSING AUTHORITY,O,NYC HOUSING AUTHORITY,Public Housing / Government
2364110,Office,Rockefeller Center,10111,0.0,1967028.0664056009,0,,,,0,0,0,0,0,0,Rockefeller Center (All Bldgs),"1-01264-0005, 1-01266-0001, 1-01265-7501, 1-01264-0030, 1-01265-0050;1-01264-0045","1077286, 1077284, 1077287, 1083861, 1076262, 1083860, 1083859, 1034506, 1082656, 1075692",New York,Office,Office,6031626.0,1939,Not Available,100.4,824759839.1,212.0,212.5,116.4,1742351057.0,Not Available,Not Available,349569976.3,Not Available,4987203.4,470202659.4,137808500.1,63227.1,8217513.0,40.759268,-73.977844,0.007694189,56924.0952434,44564.990854200005,0.00846,0.00453,69520.15998000001,37225.33389,0.0,1967028.0664056009,1.0,1.0,,,,Unknown
21354516,College/University,2900 Bedford Ave,11210,2069327.6918460005,1923352.176855296,9,2008.0,2019.0,2019-12-18,9,0,0,0,0,0,CUNY SC > BKC_418_Brooklyn College: William James Hall,3075520100,3347326,Brooklyn,College/University,College/University,276236.0,1971,Not Available,436.3,120527424.6,1213.6,1204.3,180.6,335237021.3,Not Available,Not Available,Not Available,Not Available,1279867.2,119247557.4,34949455.7,10149.3,276236.0,40.63176,-73.952667,0.03674141,10447.8213045,7756.713215600001,0.00987,0.002099748,2726.44932,580.025988528,2069327.6918460005,1923352.176855296,1.0,3075520100.0,BROOKLYN COLLEGE,O,BROOKLYN COLLEGE,College / University / Education
6284230,Office,32 Sixth Avenue,10013,1806552.8839332005,1901638.233936,252,2005.0,2020.0,2020-07-17,244,1,8,0,0,0,32 Sixth Avenue Company LLC (NEW PROFILE),1-00192-0001,1002192,New York,Office,Office,741231.2,1930,100,171.3,196853556.9,457.4,458.5,893.8,525722136.7,Not Available,Not Available,15947700.7,Not Available,Not Available,180905856.2,53020467.2,16352.8,1149392.0,40.72008,-74.005184,0.014227348,16464.7252899,12302.410812,0.00846,0.00453,9723.85632,5206.74576,1806552.8839332005,1901638.233936,1.0,1.0,,,,Unknown
21353661,College/University,85 Saint Nicholas Ter,10031,1927013.2102124,1892971.3312840003,23,2008.0,2022.0,2022-06-24,18,2,5,0,0,0,CUNY SC > CCNY_10192_CCNY: Center for Discovery and Innovation,1019570001,1088609,New York,College/University,College/University,194600.0,2014,Not Available,643.6,125249926.8,1329.0,1329,180.6,258618199.4,Not Available,Not Available,Not Available,Not Available,52618054.6,72631872.2,21287181.5,8935.2,194600.0,40.814664,-73.950525,0.045915725,9111.0497993,7471.936823800001,0.00987,0.002099748,1920.702,408.6109608,1927013.2102124,1892971.3312840003,1.0,1019570001.0,CITY COLLEGE,O,CITY COLLEGE,College / University / Education
21354831,College/University,222-15 56th Ave,11364,1594650.1684744,1708301.997690416,8,2007.0,2023.0,2023-04-04,7,0,1,0,0,0,CUNY CC > QCC_551_Queensborough CC: Science Building,4074900002,4439434,Bayside,College/University,College/University,186006.0,1967,Not Available,624.5,116157428.5,1080.3,1092.6,180.6,200949819.4,Not Available,4927290.1,Not Available,Not Available,65705288.5,45252852,13262850.7,7701.5,186006.0,40.753937,-73.756454,0.041404578,7786.0664158,6764.8269119,0.00987,0.002099748,1835.87922,390.56572648799994,1594650.1684744,1708301.997690416,1.0,4074900002.0,DORMITORY AUTHORITY OF THE STATE OF NEW YORK,O,DORMITORY AUTHORITY OF THE STATE OF NEW YORK,Government / State
21354602,College/University,1718 Oriental Blvd,11235,1638426.0952616003,1640733.424971488,0,,,,0,0,0,0,0,0,CUNY CC > KCC_440_Kingsborough CC: Security Guard House,3087600060,3347726,Brooklyn,College/University,College/University,1108.0,1976,Not Available,104292.4,115555965.4,109507.0,111781,180.6,121333763.6,Not Available,Not Available,Not Available,Not Available,115555965.4,Not Available,Not Available,6137.7,1108.0,40.578418,-73.937178,5.539440433,6124.466166200001,6124.466166200001,0.00987,0.002099748,10.93596,2.326520784,1638426.0952616003,1640733.424971488,1.0,3087600060.0,CITY UNIVERSITY OF NEW YORK,O,CITY UNIVERSITY OF NEW YORK,College / University / Education
21354194,College/University,2923 Paul Ave,10468,0.0,1635972.7790030085,0,,,,0,0,0,0,0,0,Benchmarking Group - 19,2032460002; 2032470001; 2032470220,2015222; 2097311; 2097318; 2103693; 2097317; 2097312; 2097313; 2098696; 2097314; 2097315; 2117131; 2098697; 2097316; 2119733; 2116604; 2015245; 2000000,Bronx,College/University,College/University,895766.0,1925,Not Available,126.7,147658709.1,228.0,225.8,180.6,265727131.3,Not Available,Not Available,Not Available,Not Available,84409859.6,63248849.5,18537175.2,9830.5,1165628.0,40.871861,-73.893559,0.008433651,9979.2635932,8551.9011028,0.00987,0.002099748,11504.74836,2447.5250617439997,0.0,1635972.7790030085,3.0,2032460002.0; 2032470001.0; 2032470220.0,DORMITORY AUTHORITY OF THE STATE OF NEW  YORK; DORMITORY AUTHORITY OF THE STATE OF NEW YORK,P; X,DORMITORY AUTHORITY OF THE STATE OF NEW  YORK,Individual / Small Private Owner
1272226,Office,1 Penn Plaza,10119,0.0,1617784.9942836005,984,2005.0,2022.0,2022-10-31,939,0,45,0,0,0,PENN 1,1007830070,1014387,New York,Office,Office,1680624.0,1970,65,140.4,326390168.9,175.4,173.3,215.5,407635606.8,Not Available,Not Available,82746985.8,Not Available,213779045.9,29864137.2,8752676.9,19373.8,2324337.0,40.751098,-73.992926,0.008335194,17653.448833000002,16565.757782700002,0.00846,0.00453,19663.891020000003,10529.24661,0.0,1617784.9942836005,1.0,1007830070.0,KORPENN LLC,,KORPENN LLC,Corporate / Investment / LLC
21354459,College/University,300 Jay St,11201,0.0,1604344.9366419842,2,2012.0,2012.0,2012-12-18,2,0,0,0,0,0,Benchmarking Group - 28,3000860018; 3000970002; 3001280001; 3001280026; 3001310001,3329429; 3000182; 3335890; 3335892; 3335891; 3000243; 3348041; 3414138,Brooklyn,College/University,College/University,1286894.0,1908,Not Available,98.1,154931553.8,184.9,186.6,180.6,292122950.2,Not Available,12002135.7,Not Available,Not Available,68448488.4,74248123.7,21760877.7,10820.6,1579694.0,40.695563,-73.98714,0.006849808,10978.9086039,9303.321021,0.00987,0.002099748,15591.57978,3316.9593171119996,0.0,1604344.9366419842,5.0,3000860018.0; 3000970002.0; 3001280001.0; 3001280026.0; 3001310001.0,DORMITORY AUTH OF NYS; DORMITORY AUTHORITY OF THE STATE OF NEW YORK; NYC DEPARTMENT OF EDUCATION,M; X,DORMITORY AUTH OF NYS,Individual / Small Private Owner
21354914,College/University,2800-Y Victory Blvd,10314,1764762.5552904,1509940.6232790395,2,2015.0,2022.0,2022-12-06,2,0,0,0,0,0,CUNY SC > CSI_571_CSI: Center for the Arts,5020400001,5107297,Staten Island,College/University,College/University,145140.0,1993,Not Available,637.1,92472372.3,1779.4,1728.1,180.6,258267545.4,Not Available,Not Available,Not Available,Not Available,Not Available,92106396.3,26994837.4,7813.9,145140.0,,,0.053836985,8017.4667078,5938.8642279999995,0.00987,0.002099748,1432.5318,304.75742471999996,1764762.5552904,1509940.6232790395,1.0,5020400001.0,DORMITORY AUTHORITY OF THE STATE OF NEW YORK,X,DORMITORY AUTHORITY OF THE STATE OF NEW YORK,Government / State
21354471,College/University,227 West 27th St,10001,0.0,1467879.4349336645,0,,,,0,0,0,0,0,0,Benchmarking Group - 3,1007760040; 1007770001; 1007770018; 1007770037,1014236; 1014250; 1014251; 1014252,New York,College/University,College/University,1098574.0,1959,Not Available,139.9,153723415.7,264.7,264.6,180.6,290817617.2,Not Available,Not Available,86565187.1,Not Available,781086,66377142.6,19454025.4,11400.9,1098574.0,40.747099,-73.994926,0.010377908,9714.6765213,7783.89063,0.00987,0.002099748,10842.92538,2306.7285593519996,0.0,1467879.4349336645,4.0,1007760040.0; 1007770001.0; 1007770018.0; 1007770037.0,DEPARTMENT OF EDUCATION NYC DEPARTMENT OF EDUCATION; NYC DEPARTMENT OF EDUCATION; STATE UNIVERSITY OF,C; X,DEPARTMENT OF EDUCATION NYC DEPARTMENT OF EDUCATION,Government / Municipal
4408910,College/University,525 West 120th Street,10027,216779.28893840028,1387412.7454792005,14,2009.0,2013.0,2013-09-11,13,0,1,0,0,0,Columbia Teachers College (Academic Buildings),1-01975-0001,1088703;1059646;1083644;1083643;1088704;1088705;1088702;1089233,New York,College/University,College/University,641800.0,1910,Not Available,180.2,115633855.9,263.7,266.1,180.6,169254841.8,Not Available,3863998.8,Not Available,Not Available,84344798.2,27425058.9,8037824,7085.2,641800.0,40.809716,-73.96009,0.011039576,7143.443943800001,6524.531495800001,0.00987,0.002099748,6334.566,1347.6182663999998,216779.28893840028,1387412.7454792005,1.0,1.0,,,,Unknown
2364104,Office,30 Rockefeller Plaza,10111,0.0,1385671.5056880005,728,2005.0,2023.0,2023-03-31,690,0,38,0,0,0,30 Rockefeller Plaza (Bld 1 & 9),1-01265-7501,1076262,New York,Office,Office,2291626.0,1939,32,116.5,339249428.7,247.5,244,197.8,720609731.6,Not Available,Not Available,143578315.1,Not Available,Not Available,195671113.6,57347916.1,26075.6,2911536.0,40.758754,-73.978692,0.00895596,23493.3552612,18359.674146,0.00846,0.00453,24631.59456,13189.25808,0.0,1385671.5056880005,1.0,1.0,,,,Unknown
21354818,College/University,222-05 56th Ave,11364,0.0,1365404.7066227037,0,,,,0,0,0,0,0,0,Benchmarking Group - 54,4074900002; 4075020011,4439437; 4539249; 4439435; 4439439; 4439436; 4439431; 4439440; 4439438; 4439433; 4439434; 4539247; 4439432; 4458074; 4539248; 4161098,Bayside,College/University,College/University,750363.0,1910,Not Available,127.9,121911181.7,221.4,224,180.6,211123650.7,Not Available,4927290.1,Not Available,Not Available,69097675.6,47614218,13954927.4,8081.3,953489.0,40.753932,-73.756468,0.008475504,8171.409712000001,7096.880302199999,0.00987,0.002099748,9410.93643,2002.086620772,0.0,1365404.7066227037,2.0,4074900002.0; 4075020011.0,CITY UNIVERSITY CONSTRUCTION FUND; DORMITORY AUTHORITY OF THE STATE OF NEW YORK,O; X,CITY UNIVERSITY CONSTRUCTION FUND,College / University / Education
14697585,Office,375 Pearl Street,10038,1331589.9518712005,1361491.7009520002,85,2006.0,2021.0,2021-07-21,83,4,2,0,0,0,375 Pearl Street - data,1-00113-7501,1001389,Manhattan,Office,Office,805989.0,1912,2,168.0,135414899.9,470.4,470.4,177.7,379161719.7,Not Available,Not Available,Not Available,Not Available,Not Available,135414899.9,39687832.2,14723,805989.0,40.710207,-74.001125,0.018266999,11787.286163400002,8731.323084000001,0.00846,0.00453,6818.66694,3651.13017,1331589.9518712005,1361491.7009520002,1.0,1.0,,,,Unknown
4077824,Office,11 MetroTech Center,11201,1632652.6990976003,1347554.3486240003,30,2005.0,2023.0,2023-02-21,29,1,1,0,0,0,11 Metrotech,3-00132-0023,3348042; 3833784; 3807057; 3807056; 3807055; 3807054; 3807052; 3833781,Brooklyn,Office,Office,216000.0,1995,1,439.7,94978014.1,1148.4,1150.5,282.5,248046558.4,Not Available,Not Available,Not Available,Not Available,10223932,84754082.1,24839997.6,7708.2,216000.0,40.695426,-73.985103,0.035686111,7919.347683200001,6006.667868,0.00846,0.00453,1827.36,978.48,1632652.6990976003,1347554.3486240003,1.0,3.0,,,,Unknown
21353674,College/University,504 West 140th St,10031,1776139.3964100005,1328900.081312208,1,2022.0,2022.0,2022-06-08,0,0,1,0,0,0,CUNY SC > CCNY_319_CCNY: Storehouse,1020710027,1083671,New York,College/University,College/University,8103.0,1897,Not Available,9534.7,77260011.3,26584.4,26584.4,180.6,215413592.1,Not Available,Not Available,Not Available,Not Available,522537,76737474.4,22490464.5,6515.2,8103.0,40.822207,-73.950262,0.804047883,6707.3624175,4975.596651,0.00987,0.002099748,79.97661000000001,17.014258043999998,1776139.3964100005,1328900.081312208,1.0,1020710027.0,FIRE DEPARTMENT OF NEW YORK,C,FIRE DEPARTMENT OF NEW YORK,Individual / Small Private Owner
21354913,College/University,2800-D Victory Blvd,10314,1131079.7793036,1304768.8127987522,13,2006.0,2023.0,2023-05-01,12,2,1,0,0,0,CUNY SC > CSI_570_CSI: Campus Services & Central Plant,5020400001,5107288,Staten Island,College/University,College/University,83407.0,1942,Not Available,1141.0,95163660.9,1198.0,1265.7,180.6,99921843.9,Not Available,Not Available,Not Available,Not Available,95163660.9,Not Available,Not Available,5054.6,83407.0,,,0.060601628,5043.674027700001,5043.674027700001,0.00987,0.002099748,823.22709,175.133681436,1131079.7793036,1304768.8127987522,1.0,5020400001.0,DORMITORY AUTHORITY OF THE STATE OF NEW YORK,X,DORMITORY AUTHORITY OF THE STATE OF NEW YORK,Government / State
2597674,Office,513 W56th St,10019,1603378.1454588005,1273191.0480880002,35,2005.0,2020.0,2020-01-31,34,0,1,0,0,0,CBS-513,1-01085-0023,1027065,New York,Office,Office,155919.0,1984,1,471.3,86586011.3,1319.7,1312.7,224.8,242440831.5,Not Available,Not Available,Not Available,Not Available,0,86586011.3,25376905.3,7320.1,183710.0,40.768656,-73.989541,0.039845953,7536.940874100001,5582.919166000001,0.00846,0.00453,1554.1866,832.2063,1603378.1454588005,1273191.0480880002,1.0,1.0,,,,Unknown
2597675,Office,518 W57th St,10019,1521043.7364935998,1273180.6571919995,25,2007.0,2019.0,2019-01-23,21,0,4,0,0,0,CBS-518,1-01085-0041,1027069,New York,Office,Office,44012.0,1912,1,1980.5,102984048.6,3459.6,3498.6,236.5,179901649.2,Not Available,Not Available,67313981.3,Not Available,546300,35123767.3,10294186.1,7468,52000.0,40.769617,-73.989769,0.143615385,6115.4563302,4986.2340939999995,0.00846,0.00453,439.92,235.56,1521043.7364935998,1273180.6571919995,1.0,1.0,,,,Unknown
6417087,College/University,631 Campus Road,10301,0.0,1247005.9659064957,0,,,,0,0,0,0,0,0,WAGNER COLLEGE CAMPUS,"5-00620-0001, 5-00620-0100, 5-00620-0200, 5-00620-0300","5113153,5113454,5113455,5113456,5113457,5113458,5113459,5113460,5113461,5113462,5113463,5113464,5113465,5113466,5113467,5113468,5113469,5113470,5147163,5154662,5154663,5154664,5154665,5154666,5154667,5154668,5154670,5154671,5154672,5154673,5154674,5154675,5154676,5154696,5154697,5154698,5158745,5015989,5015990,5106906,5143133,5154699",Staten Island,College/University,College/University,819511.0,1967,Not Available,135.7,111207215.1,215.3,213.4,180.6,176421168.6,Not Available,4163308.2,Not Available,Not Available,72860978.3,34182928.6,10018442.1,7068.8,819511.0,,,0.008625632,7145.1939604,6373.773918699999,0.00987,0.002099748,8088.57357,1720.766583228,0.0,1247005.9659064957,1.0,5.0,,,,Unknown
21355237,Office,11 Metrotech Ctr,11201,1504389.0212136002,1214894.3979360005,34,2005.0,2023.0,2023-02-21,33,1,1,0,0,0,DOITT_3320_Technology Center,3001320023,3000246,Brooklyn,Office,Office,216000.0,1993,1,395.7,85480971.3,1108.1,1108.1,261.1,239346719.6,Not Available,Not Available,Not Available,Not Available,Not Available,85480971.3,25053036.6,7226.6,216000.0,40.695426,-73.985103,0.033456481,7440.751870200001,5511.668052000001,0.00846,0.00453,1827.36,978.48,1504389.0212136002,1214894.3979360005,1.0,3001320023.0,"BROOKLYN NY II SGF, LLC",C,"BROOKLYN NY II SGF, LLC",Corporate / Investment / LLC
2657497,Financial Office,200 West Street,10282,0.0,1126802.9525376963,267,2005.0,2020.0,2020-12-11,257,0,10,0,0,0,200 West Street,1000160260,1087239,New York,Financial Office,Financial Office,1894604.0,2009,71,104.3,211704467.6,228.6,229.2,296.4,464179642.7,Not Available,Not Available,78270280,Not Available,2056254.8,131377932.8,38504665,16413,2030382.0,40.713846,-74.013812,0.008083701,15067.0296094,11710.8190044,0.00846,0.003697004,17177.031720000003,7506.330375527999,0.0,1126802.9525376963,1.0,1000160260.0,GOLDMAN SACHS HEADQUARTERS LLC,X,GOLDMAN SACHS HEADQUARTERS LLC,Corporate / Investment / LLC
21353876,College/University,121 West 180th St,10453,1077105.1838311998,1119624.189261248,6,2006.0,2022.0,2022-05-11,6,1,0,0,0,0,CUNY CC > BCC_350_Bronx CC: Energy Plant,2032220062,2100251,Bronx,College/University,College/University,20418.0,1979,Not Available,3962.7,80910940.4,4270.4,Not Available,180.6,87192029.5,Not Available,Not Available,Not Available,Not Available,79633487.8,Not Available,Not Available,4337.7,20418.0,40.856172,-73.913083,0.212444902,4220.5748533999995,4220.5748533999995,0.00987,0.002099748,201.52566,42.872654663999995,1077105.1838311998,1119624.189261248,1.0,2032220062.0,BRONX COMMUNITY COLLEGE,O,BRONX COMMUNITY COLLEGE,College / University / Education
7163297,Office,151 East 58th Street,10022,497181.8308872,1106452.6946276005,150,2005.0,2021.0,2021-04-19,137,0,13,0,0,0,One Beacon Court,1-01313-7501,1086160,New York,Office,Office,796646.0,2001,4,127.2,178107215.3,305.8,305.4,152.3,428378917.8,Not Available,Not Available,39216889.1,Not Available,4396299.9,134494026.3,39417939.6,14207.7,1400678.0,40.761395,-73.968129,0.010143445,13704.8919654,10473.6261707,0.00846,0.00453,11849.73588,6345.07134,497181.8308872,1106452.6946276005,1.0,1.0,,,,Unknown
1276621,Office,731 Lexington Ave,10022,494368.0339507999,1104998.0551888002,5,2016.0,2020.0,2020-11-16,5,0,0,0,0,0,"731 Lexington Avenue, Manhattan",1013137501,1086160;1037168;1037169;1037171,New York,Office,Office,941146.0,2003,66,127.0,178118150.0,305.6,305.1,361.9,428409754.4,Not Available,Not Available,39216934.3,Not Available,4396133.2,134505082.5,39421180,14208.6,1402032.0,40.761887,-73.968421,0.010134291,13705.8475631,10474.3320316,0.00846,0.00453,11861.19072,6351.20496,494368.0339507999,1104998.0551888002,1.0,1013137501.0,ONE BEACON COURT CONDOMINIUM,,ONE BEACON COURT CONDOMINIUM,Individual / Small Private Owner
21312915,Office,1 Vanderbilt Avenue,10017,0.0,1098980.2651347998,74,2005.0,2023.0,2023-01-19,71,0,3,0,0,0,One Vanderbilt,1012770027,1090825,New York,Office,Office,1245591.0,2019,67,122.8,206122913.8,199.7,199.7,252.9,335060875.4,Not Available,Not Available,Not Available,Not Available,138333304.7,67789609.1,19867995.6,13078.5,1678135.0,40.752883,-73.978395,0.007793473,13232.4598423,11702.6241811,0.00846,0.00453,14197.0221,7601.951550000001,0.0,1098980.2651347998,1.0,1012770027.0,ONE VANDERBILT OWNER LLC,,ONE VANDERBILT OWNER LLC,Corporate / Investment / LLC
21353867,College/University,161 West 180th St,10453,0.0,1092964.479596448,0,,,,0,0,0,0,0,0,Benchmarking Group - 15,2029200002; 2032220001; 2032220040; 2032220062; 2032220620; 2032230050,2086675; 2014898; 2097306; 2097307; 2100241; 2100252; 2100242; 2116208; 2100240; 2100251; 2100243; 2100248; 2100256; 2100253; 2096464; 2100246; 2100250; 2100249; 2100244; 2100247; 2100254; 2100255; 2100245; 2119712; 2014900; 2118442; 2090982; 2119433; 2090980,Bronx,College/University,College/University,1119817.0,1857,Not Available,88.7,122276072.0,141.4,143.6,180.6,195028799.3,Not Available,2995980,Not Available,Not Available,80988814.8,38151069.2,11181437.4,7759.8,1379118.0,40.856172,-73.913083,0.00562664,7834.9966122,6974.0259324,0.00987,0.002099748,13611.89466,2895.8002622639997,0.0,1092964.479596448,6.0,2029200002.0; 2032220001.0; 2032220040.0; 2032220062.0; 2032220620.0; 2032230050.0,BRONX COMMUNITY COLLEGE; DORMITORY AUTH OF NYS; NYC DEPARTMENT OF CITYWIDE ADMINISTRATIVE SERVICES,C; O; X,BRONX COMMUNITY COLLEGE,College / University / Education
26597141,Hotel,9400 Ditmars Blvd,11369,995331.7243528002,1092311.3227168,12,2008.0,2022.0,2022-08-08,11,1,1,0,0,0,Triumph Hotels - 9400 Ditmars Blvd (The Landing Hotel),4010710001,4023432,Queens,Hotel,Hotel,78496.0,1970,1,1078.9,84692004.9,1132.9,1181.1,179.9,88926790.3,Not Available,Not Available,Not Available,Not Available,84691899.2,105.8,31,4498.4,78496.0,40.769194,-73.876094,0.057307379,4488.679864600001,4488.6774776,0.00987,0.00526,774.75552,412.88896,995331.7243528002,1092311.3227168,1.0,4010710001.0,9400 REALTY LLC,,9400 REALTY LLC,Corporate / Investment / LLC
1633610,K-12 School,29 Fort Greene Place,11217,847327.489918,1073476.8387632,23,2006.0,2023.0,2023-05-02,17,0,6,0,0,0,K430 (OECID: 0300346; BBL: 3020980013),3020980013,3058752,Brooklyn,K-12 School,K-12 School,712800.0,1932,34,103.8,73982564.2,139.5,143.8,119.6,99459530.1,Not Available,58266773.6,Not Available,Not Available,1939500,13776290.6,4037599.3,5591.6,712800.0,40.688834,-73.976905,0.007844557,5613.7017385,5302.8065924,0.00344,0.00182,2452.032,1297.296,847327.489918,1073476.8387632,1.0,3020980013.0,NYC DEPARTMENT OF EDUCATION,C,NYC DEPARTMENT OF EDUCATION,Government / Municipal
2944898,Office,47 W 66th Street and 30 W 67th street,10023,1205728.5346796,1065115.6728160002,0,,,,0,0,0,0,0,0,ABC 47W 30W,1-01119-0021;1-01119-0043,1081016; 1028232,New York,Office,Office,183932.0,1985,Not Available,308.5,82659987.9,780.5,Not Available,116.4,209123571.6,Not Available,220800,Not Available,Not Available,12530950,69908237.9,20488930.1,6592.1,267932.0,40.772994,-73.980081,0.024603631,6765.6917897,5188.044172000001,0.00846,0.00453,2266.70472,1213.73196,1205728.5346796,1065115.6728160002,1.0,1.0,,,,Unknown
5047539,Office,509 West 34th Street,10001,1200352.4058232,1054626.2535304,7,2010.0,2020.0,2020-03-13,6,0,1,0,0,0,66 Hudson Boulevard,1-00706-0020,1012472,New York,Office,Office,100630.0,2022,Not Available,733.7,73836081.3,1494.2,1494.2,116.4,150360926.7,Not Available,Not Available,Not Available,Not Available,32217200.6,41618880.8,12197794.8,5229.7,100630.0,40.754785,-73.999599,0.051969592,5330.2566874,4391.0264878,0.00846,0.00453,851.3298000000001,455.8539,1200352.4058232,1054626.2535304,1.0,1.0,,,,Unknown
1416310,Office,345 Park Ave,10154,0.0,1041270.0737280007,421,2005.0,2022.0,2022-08-22,403,0,18,0,0,0,345 Park Ave LP,1013060001,1036460,New York,Office,Office,1821132.0,1968,44,132.2,245862228.8,245.0,240.7,229.3,455664482.0,Not Available,Not Available,143932121.9,Not Available,1654900,100275206.9,29388978.5,18122.1,1859875.0,40.758171,-73.973246,0.009743719,15293.1818,12310.569846000002,0.00846,0.00453,15734.5425,8425.23375,0.0,1041270.0737280007,1.0,1013060001.0,"345 PARK AVENUE, L.P.",,"345 PARK AVENUE, L.P.",Corporate / Investment / LLC
2498353,Financial Office,383 Madison,10179,180986.7841084001,1031320.9451888638,155,2005.0,2020.0,2020-06-26,149,0,6,0,0,0,JPMorgan Chase-383M,1012820021,1035404,New York,Financial Office,Financial Office,1020739.7,2001,70,123.0,144502223.0,280.1,281.5,349.0,329107953.9,Not Available,Not Available,44981712,Not Available,2093900,97426611,28554102.9,11334.5,1174988.0,,,0.009646481,10615.7223013,8192.147818,0.00846,0.003697004,9940.39848,4343.935335952,180986.7841084001,1031320.9451888638,1.0,1012820021.0,METROPOLITAN TRANSPORTATION AUTHORITY,,METROPOLITAN TRANSPORTATION AUTHORITY,Individual / Small Private Owner
6289473,Office,111 Livingston Street,11201,545745.5245031997,1029288.0085032,17,2007.0,2019.0,2019-02-06,17,0,0,0,0,0,111 Livingston Street - Brooklyn,3002660001,3002555,Brooklyn,Office,Office,459100.0,1969,28,238.3,109418575.8,249.7,249.7,188.2,114658713.4,Not Available,5769780,Not Available,Not Available,103648795.8,Not Available,Not Available,5933.5,459100.0,40.691136,-73.989791,0.0129242,5920.3498973999995,5920.3498973999995,0.00846,0.00453,3883.986,2079.723,545745.5245031997,1029288.0085032,1.0,3002660001.0,111 LIVINGTON LLC,P,111 LIVINGTON LLC,Corporate / Investment / LLC
34814172,Office,7 West 66th Street,10023,972820.8031868,1011885.1067960004,10,2009.0,2020.0,2020-08-04,10,0,0,0,0,0,ABC 7W 24W 30W 47W,1011190021;1011190043,1081014;1081015;1081016;1028232,New York,Office,Office,342444.0,1988,Not Available,202.1,96401578.6,491.4,Not Available,116.4,234357759.2,Not Available,339066,3820633.5,Not Available,16490479,75751400.2,22201462.8,9390.8,476941.0,40.772657,-73.979269,0.019689647,7664.849230100001,5936.233427000001,0.00846,0.00453,4034.92086,2160.54273,972820.8031868,1011885.1067960004,2.0,1011190021.0; 1011190043.0,SC CAMPUS OWNER LLC,,SC CAMPUS OWNER LLC,Corporate / Investment / LLC
2688590,Office,375 Pearl Street,10038,634348.0830923996,1003250.3201919995,85,2006.0,2021.0,2021-07-21,83,4,2,0,0,0,375 Pearl Street,1001137501,1001389,New York,Office,Office,591603.0,1974,57,127.5,140553159.2,339.4,340,358.5,374174117.2,Not Available,Not Available,11300851.9,Not Available,Not Available,128510557.3,37664285.4,11669.8,1102584.0,40.710207,-74.001125,0.010584046,11694.8310993,8738.176864,0.00846,0.00453,9327.86064,4994.70552,634348.0830923996,1003250.3201919995,1.0,1001137501.0,UNAVAILABLE OWNER,,UNAVAILABLE OWNER,Individual / Small Private Owner
6245619,Office,620 West 47th Street,10036,1183474.4696448,969211.919984,0,,,,0,0,0,0,0,0,Guggenheim - TSB,1010940045,1080990,New York,Office,Office,23537.0,1911,1,1945.8,74248292.4,3723.8,3700.7,119.9,142092533.5,Not Available,Not Available,40452158.8,Not Available,687000,33109133.6,9703730.8,5521.5,38158.0,40.764246,-73.996607,0.14470098,4738.7661936,3789.318128,0.00846,0.00453,322.81668,172.85574,1183474.4696448,969211.919984,1.0,1010940045.0,SOLOMON R. GUGGENHEIM FN,X,SOLOMON R. GUGGENHEIM FN,Individual / Small Private Owner
21354474,College/University,340 8th Ave,10001,634179.6665592,925449.032957632,44,2007.0,2021.0,2021-04-15,39,0,5,0,0,0,FIT_1291_Dubinsky Student Center (A Building),1007770001,1014250,New York,College/University,College/University,223212.0,1975,Not Available,407.4,90936759.4,569.7,568.5,180.6,127171985.1,Not Available,Not Available,78952589.3,Not Available,781086,11203084,3283435.7,6230.9,223212.0,40.747912,-73.996571,0.027914718,4569.4444794,3921.856984,0.00987,0.002099748,2203.10244,468.688950576,634179.6665592,925449.032957632,1.0,1007770001.0,DEPARTMENT OF EDUCATION NYC DEPARTMENT OF EDUCATION,C,DEPARTMENT OF EDUCATION NYC DEPARTMENT OF EDUCATION,Government / Municipal
6024436,Financial Office,280 Park Avenue,10017,0.0,829536.9539059201,373,2005.0,2020.0,2020-12-02,359,0,14,0,0,0,280 Park Avenue,1012840033; 1012840026,1035441;1035440,New York,Financial Office,Financial Office,1030146.0,1962,43,121.2,145808558.0,237.7,236.5,218.8,286007416.1,Not Available,Not Available,75429772.1,Not Available,1027600,69351185.9,20325667.5,10926,1203140.0,40.756023,-73.974831,0.009081237,9485.525792,7543.300534,0.00846,0.003697004,10178.5644,4448.013392559999,0.0,829536.9539059201,2.0,1012840026.0; 1012840033.0,BROADWAY  240 PARK FEE LLC; BROADWAY 280 PARK FEE LLC,,BROADWAY  240 PARK FEE LLC,Corporate / Investment / LLC
1454367,Hotel,455 Madison Avenue,10022,0.0,815106.1784324,57,2005.0,2020.0,2020-12-23,51,0,6,0,0,0,Lotte New York Palace,1-01286-0021,1035462,New York,Hotel,Hotel,909848.0,1980,25,164.5,149680024.0,236.7,236.2,192.2,215382943.7,Not Available,Not Available,34823366.3,Not Available,84634079.1,30222578.5,8857730,9362.6,909848.0,40.758114,-73.975393,0.01029029,8683.4034858,7827.2414443,0.00987,0.00526,8980.19976,4785.80048,0.0,815106.1784324,1.0,1.0,,,,Unknown
15936116,Hotel,1535 Broadway,10036,0.0,776236.9633060001,106,2005.0,2023.0,2023-11-02,99,0,7,0,0,0,New York Marriott Marquis Hotel,1-01017-7501,1024727,New York,Hotel,Hotel,1835928.0,1985,25,113.6,220662734.8,230.9,228.9,187.6,448644273.3,Not Available,Not Available,Not Available,Not Available,96692219.5,123970515.3,36333675.3,18614.5,1943287.0,40.758267,-73.985468,0.009578873,15915.7891976,13118.0961995,0.00987,0.00526,19180.24269,10221.68962,0.0,776236.9633060001,1.0,1.0,,,,Unknown
2674629,Medical Office,1305 York Ave,10021,505220.8050636,674660.366168,0,,,,0,0,0,0,0,0,WCMC - WGC (YAB) Building,1-01464-0028,1085699;1045586,New York,Medical Office,Medical Office,297500.0,2004,6,319.6,95095375.4,514.8,508.1,322.2,153163010.0,Not Available,Not Available,55642468.6,Not Available,Not Available,26624702.9,7803253.1,Not Available,297500.0,40.765346,-73.954857,#VALUE!,4821.4772577,3942.414426,0.00987,0.00479,2936.3250000000003,1425.025,505220.8050636,674660.366168,1.0,1.0,,,,Unknown
3177669,Hotel,88 9th Avenue,10011,670471.0019868001,667867.0406619998,33,2005.0,2020.0,2020-02-21,30,3,3,0,0,0,The Maritime Hotel - 88 9th Avenue,1007400001,1013044,New York,Hotel,Hotel,83286.0,1969,Not Available,454.1,53393190.7,840.7,840.7,146.7,98845051.5,Not Available,Not Available,0,Not Available,28946218.5,24446972.2,7164996.8,4195.5,117568.0,40.742367,-74.004341,0.035685731,3662.1536301,3110.4488764999996,0.00987,0.00526,1160.39616,618.40768,670471.0019868001,667867.0406619998,1.0,1007400001.0,MARKET CORNER REALTYASSOCIATES,,MARKET CORNER REALTYASSOCIATES,Corporate / Investment / LLC
2686880,Financial Office,11 Wall St,10005,524569.2844751998,659814.955268464,120,2005.0,2020.0,2020-10-15,113,0,7,0,0,0,NYSE 11 Wall - City Filing,1-00023-0019,1078982,New York,Financial Office,Financial Office,321735.0,1904,18,196.5,65726510.0,443.4,463.1,307.6,148339747.3,Not Available,Not Available,21775218.8,Not Available,525915,43425376.2,12727248.2,6195.2,334563.0,40.707399,-74.011105,0.01851729,4787.7510563999995,3698.876851,0.00846,0.003697004,2830.4029800000003,1236.880749252,524569.2844751998,659814.955268464,1.0,1.0,,,,Unknown
2606279,Financial Office,375 Park Avenue,10022,0.0,600736.8387247683,483,2005.0,2020.0,2020-10-29,454,3,29,0,0,0,375 Park Avenue,1013070001,1036465,New York,Financial Office,Financial Office,506331.0,1958,63,130.3,107507235.3,234.4,231.9,279.5,193357132.8,Not Available,Not Available,66730615.6,Not Available,626900,40149719.6,11767208.3,7858.4,824906.0,40.758786,-73.972801,0.009526419,6530.9642671,5291.236150000001,0.00846,0.003697004,6978.7047600000005,3049.680781624,0.0,600736.8387247683,1.0,1013070001.0,375 PARK FEE LLC,,375 PARK FEE LLC,Corporate / Investment / LLC
4868217,K-12 School,1381-1395 Lexington Ave,10128,586274.4828183999,600658.8505168001,21,2005.0,2019.0,2019-11-26,21,1,0,0,0,0,92nd Street Y: 1381/1395 Lexington Ave,1-01520-0050,1048310,New York,K-12 School,K-12 School,170768.0,1930,1,160.5,37991494.7,272.6,275.4,107.0,64537692.9,Not Available,23373459.4,Not Available,Not Available,0,14618035.4,4284300.6,2970.3,236768.0,40.782774,-73.953181,0.012545192,3002.0732737999997,2672.1821276,0.00344,0.00182,814.48192,430.91776,586274.4828183999,600658.8505168001,1.0,1.0,,,,Unknown
3351449,Hotel,1535 Broadway,10036,0.0,572527.0621440008,106,2005.0,2023.0,2023-11-02,99,0,7,0,0,0,33789-NYCMQ-New York Marriott Marquis,1-01017-7501,1024727,New York City,Hotel,Hotel,1835928.0,1985,35,107.0,208016238.7,217.0,217,192.8,421667196.9,Not Available,Not Available,Not Available,Not Available,91873298,116142940.7,34039544.7,14698.6,1943287.0,40.758267,-73.985468,0.007563782,14979.029569900002,12357.984628000002,0.00987,0.00526,19180.24269,10221.68962,0.0,572527.0621440008,1.0,1.0,,,,Unknown
3351756,Hotel,85 West Street,10006,130034.4615931998,546002.3770164,32,2005.0,2020.0,2020-10-19,29,0,3,0,0,0,337C7-NYCWS-New York Marriott Downtown,1-00055-0016,1001061,New York,Hotel,Hotel,374505.0,1990,15,205.1,76816060.2,245.3,246,178.9,91871051.8,Not Available,Not Available,9824960.4,Not Available,61442205.1,5548894.8,1626287.8,4385,374505.0,40.709676,-74.014929,0.011708789,4181.5675648999995,4007.2186023,0.00987,0.00526,3696.36435,1969.8963,130034.4615931998,546002.3770164,1.0,1.0,,,,Unknown
1836931,K-12 School,715 Ocean Terrace,10301,427737.64272040006,507355.2604312,21,2005.0,2022.0,2022-10-12,17,0,4,0,0,0,"R880, R080, R881, R883, R884, R885, R886, R887-0500106; BBL:5006830001",5006830001; 5006830302; 5006830305; 5006830306; 5006830303; 5006830304; 5006830301,"BIN: Campus-5113169, R880-5017080, R080-5017083, R881-5017084, R883-5017081, R884-5017082, R885, R886, R887-5017079",Staten Island,K-12 School,K-12 School,325200.0,1967,24,136.5,44392640.0,198.0,206.3,151.1,64398648.7,Not Available,729426.6,Not Available,Not Available,33482897,10180316.4,2983679.7,2693.2,325200.0,40.608512,-74.102067,0.008281673,2714.7239803,2484.9806434,0.00344,0.00182,1118.688,591.864,427737.64272040006,507355.2604312,7.0,5006830001.0; 5006830301.0; 5006830302.0; 5006830303.0; 5006830304.0; 5006830305.0; 5006830306.0,NYC DEPARTMENT OF EDUCATION,C,NYC DEPARTMENT OF EDUCATION,Government / Municipal
6308730,K-12 School,3901 Fieldston Road,10471,478486.4802055999,481243.0684684,7,2005.0,2018.0,2018-07-18,7,0,0,0,0,0,3901 Fieldston Road,2-05781-0992,2124454,Bronx,K-12 School,K-12 School,146757.0,1928,1,217.1,31865056.1,376.3,382.4,144.9,55223664.1,Not Available,14067761.1,Not Available,Not Available,5038400.3,12758894.7,3739417.7,2390.2,184087.0,40.890431,-73.905757,0.012984078,2418.6565941999997,2130.7214313,0.00344,0.00182,633.25928,335.03834,478486.4802055999,481243.0684684,1.0,2.0,,,,Unknown
1634026,K-12 School,911 Flatbush Avenue,11226,303790.9168228001,452468.2110136001,10,2005.0,2022.0,2022-12-27,7,0,3,0,0,0,K465 (OECID: 0300352; BBL: 3051030010),3051030010,3336215,Brooklyn,K-12 School,K-12 School,460800.0,1904,50,95.7,44088979.6,132.3,136.2,132.5,60984578.4,Not Available,4416000.1,Not Available,Not Available,31177099.6,8495879.9,2489999.7,2701.9,460800.0,40.649787,-73.95855,0.005863498,2718.7001971000004,2526.9702202000003,0.00344,0.00182,1585.152,838.656,303790.9168228001,452468.2110136001,1.0,3051030010.0,NYC DEPARTMENT OF EDUCATION,C,NYC DEPARTMENT OF EDUCATION,Government / Municipal
2793598,Financial Office,4 Chase Metrotech Center,11245,0.0,440377.460647504,123,2005.0,2020.0,2020-02-13,117,1,6,0,0,0,JPMorgan Chase-4CMC,3-02059-0001,3319505,Brooklyn,Financial Office,Financial Office,1315928.0,1991,49,76.8,102172966.7,212.1,214,211.5,282276131.8,Not Available,Not Available,Not Available,Not Available,2176100,99996866.7,29307401.7,8569.4,1330743.0,40.694059,-73.985741,0.00643956,8819.6316049,6562.961674,0.00846,0.003697004,11258.08578,4919.762193972,0.0,440377.460647504,1.0,3.0,,,,Unknown
2702454,Hotel,102 North End Avenue,10282,0.0,438265.4159148,101,2005.0,2020.0,2020-01-06,96,0,5,0,0,0,Conrad New York,1-00016-7512,1085867,New York,Hotel,Hotel,509936.0,2000,22,134.7,84615455.0,251.9,250.9,197.7,158221049.5,Not Available,Not Available,Not Available,Not Available,44972699.7,39642755.3,11618625.6,5740.1,628200.0,40.714812,-74.016153,0.009137377,5834.2848873,4939.6507161,0.00987,0.00526,6200.334,3304.332,0.0,438265.4159148,1.0,1.0,,,,Unknown
3128917,K-12 School,730 Concourse Village West,10451,432248.03228279995,415186.550328,8,2007.0,2010.0,2010-07-15,7,1,1,0,0,0,X790 (OECID: 0201413; BBL: 2024430078),2024430078,2103486,Bronx,K-12 School,K-12 School,279045.0,2009,2,121.4,33863411.5,270.7,269.8,132.1,75547952.3,Not Available,Not Available,Not Available,Not Available,11011200,22852211.5,6697599.3,2516.8,279045.0,40.82231,-73.923829,0.009019334,2572.7805921,2057.065446,0.00344,0.00182,959.9148,507.8619,432248.03228279995,415186.550328,1.0,2024430078.0,NYS DEPARTMENT OF TRANSPORTATION,C,NYS DEPARTMENT OF TRANSPORTATION,Government / State
14890622,Hotel,1335 Avenue of the Americas,10019,0.0,408292.38253240054,95,2005.0,2019.0,2019-11-22,88,0,7,0,0,0,New York Hilton Midtown (NYCNH),1010067502,1023163,New York,Hotel,Hotel,1605570.0,1963,46,120.9,194177584.5,217.0,215,210.5,348374499.8,Not Available,Not Available,90713671.3,Not Available,28832418.1,74631495.1,21873237.4,13864.1,1605570.0,40.762218,-73.978742,0.008635002,12106.5848756,9968.7772393,0.00987,0.00526,15846.9759,8445.2982,0.0,408292.38253240054,1.0,1010067502.0,UNAVAILABLE OWNER,,UNAVAILABLE OWNER,Individual / Small Private Owner
1836779,K-12 School,525 West 50th Street,10019,257723.13687440005,406758.5602960001,22,2005.0,2022.0,2022-06-09,20,2,2,0,0,0,M535 (OECID: 0100187; BBL: 1010790029),1010790029,1083802,New York,K-12 School,K-12 School,517274.0,1977,64,70.4,36393890.2,114.7,118.3,133.0,59335179.1,Not Available,18426041,Not Available,Not Available,5477200,12490649.2,3660799.4,2714.3,517274.0,40.765234,-73.993076,0.005247316,2741.0760558,2459.1945020000003,0.00344,0.00182,1779.42256,941.43868,257723.13687440005,406758.5602960001,1.0,1010790029.0,NYC EDUCATIONAL CONSTRUCTION FUND,O,NYC EDUCATIONAL CONSTRUCTION FUND,Government / Municipal
4400086,Hotel,145 West 44th Street,10036,0.0,402059.21920959995,15,2005.0,2021.0,2021-10-05,14,0,1,0,0,0,Millennium Broadway,1-00997-0010,1085016,New York,Hotel,Hotel,471985.0,1990,25,150.8,71190707.0,226.1,223.1,183.4,106729754.0,Not Available,Not Available,Not Available,Not Available,52916700.4,18274006.6,5355804.3,4355.6,471985.0,40.756667,-73.984396,0.009228259,4395.2589983,3982.8620672,0.00987,0.00526,4658.4919500000005,2482.6411,0.0,402059.21920959995,1.0,1.0,,,,Unknown
1633950,K-12 School,1980 Lafayette Avenue,10473,255386.50128840012,398804.8957992001,17,2006.0,2018.0,2018-11-29,11,0,6,0,0,0,"X450, X451 (OECID: 0200242; BBL: 2036040039)",2036040039,2022205,Bronx,K-12 School,K-12 School,446400.0,1968,70,72.4,32320266.6,106.6,109.3,133.2,47579758.5,Not Available,23424672.1,Not Available,Not Available,563900,8331694.5,2441879.7,2472.6,446400.0,40.82229,-73.856167,0.005538978,2488.5507063000005,2300.5259694,0.00344,0.00182,1535.616,812.448,255386.50128840012,398804.8957992001,1.0,2036040039.0,NYC DEPARTMENT OF EDUCATION,C,NYC DEPARTMENT OF EDUCATION,Government / Municipal
4558658,Hotel,2 EAST 61ST STREET,10065,0.0,394536.507664,94,2005.0,2021.0,2021-10-21,86,0,8,0,0,0,THE PIERRE HOTEL,1013750067,1040809,New York,Hotel,Hotel,412604.0,1930,18,171.0,88180502.8,284.2,286.1,215.2,146585548.6,Not Available,Not Available,60176930.1,Not Available,2411300,25592272.8,7500665.2,6287.3,515755.0,40.765409,-73.971864,0.012190478,5063.4583189,4185.022448,0.00987,0.00526,5090.501850000001,2712.8713,0.0,394536.507664,1.0,1013750067.0,795 FIFTH AVE CORP,,795 FIFTH AVE CORP,Corporate / Investment / LLC
21353852,K-12 School,6565 Flatlands Ave,11236,211343.62144319993,378087.18452879984,24,2007.0,2023.0,2023-03-17,23,1,1,0,0,0,Benchmarking Group - 146,3079980005,3224139,Brooklyn,K-12 School,K-12 School,489600.0,1970,78,68.4,33804931.9,97.7,99.2,135.0,48322977.1,Not Available,24030076.4,Not Available,Not Available,408295,7920738.7,2321435.4,2596.8,494400.0,40.633285,-73.916735,0.005252427,2489.3316023999996,2310.5810765999995,0.00344,0.00182,1700.736,899.808,211343.62144319993,378087.18452879984,1.0,3079980005.0,NYC DEPARTMENT OF EDUCATION,C,NYC DEPARTMENT OF EDUCATION,Government / Municipal
15891639,Hotel,301-305 West 46th Street,10036,2346.111342399985,369100.36170080013,0,,,,0,0,0,0,0,0,301-305 West 46th Street - Parent Property,1-01037-7501;1-01037-0029;1-01037-0034,1090496;1089716;1089717,New York,Hotel,Hotel,319814.0,2016,Not Available,167.9,58172949.3,227.5,226.2,146.7,78799381.0,Not Available,Not Available,Not Available,Not Available,48048501.2,10124448.1,2967305.6,3408,346414.0,40.759977,-73.988344,0.00983794,3427.8603268,3199.3777956000004,0.00987,0.00526,3419.10618,1822.13764,2346.111342399985,369100.36170080013,1.0,1.0,,,,Unknown
1836743,K-12 School,1600 Avenue L,11230,218507.7055996,363709.46859039995,12,2005.0,2023.0,2023-04-04,10,1,2,0,0,0,K525 (OECID: 0301385; BBL: 3067340109),3067340109,3180673,Brooklyn,K-12 School,K-12 School,450000.0,1974,77,67.7,30474995.5,101.4,102.7,138.3,45628326.7,Not Available,22177841.2,Not Available,Not Available,1900,8295254.3,2431199.7,2347.2,450000.0,40.620525,-73.959285,0.005216,2363.3272597,2176.1248828,0.00344,0.00182,1548.0,819.0,218507.7055996,363709.46859039995,1.0,3067340109.0,NYC DEPARTMENT OF EDUCATION,C,NYC DEPARTMENT OF EDUCATION,Government / Municipal
19906892,Hotel,363 West 16th Street,10011,319221.57085920003,355147.02971200005,33,2005.0,2020.0,2020-02-21,30,3,3,0,0,0,363 West 16th Street,1007400001,1013044,New York,Hotel,Hotel,71286.0,1969,Not Available,293.4,32355990.8,571.3,573.9,146.7,63004349.3,Not Available,Not Available,Not Available,Not Available,15767100,16588890.8,4861925.2,2239.9,110286.0,40.741802,-74.003244,0.020309921,2279.6480844,1905.279844,0.00987,0.00526,1088.52282,580.10436,319221.57085920003,355147.02971200005,1.0,1007400001.0,MARKET CORNER REALTYASSOCIATES,,MARKET CORNER REALTYASSOCIATES,Corporate / Investment / LLC
4410272,Hotel,848 Washington Street,10014,215445.9208932,355025.5669664001,9,2017.0,2019.0,2019-12-10,9,0,0,0,0,0,Standard Hotel,1-00645-0011,1089466; 1012203,Manhattan,Hotel,Hotel,219320.0,2006,1,191.8,42056513.7,374.7,376.1,187.4,82175664.1,Not Available,Not Available,Not Available,Not Available,20332899.6,21723614.1,6366826.3,2916.5,219320.0,40.740624,-74.007719,0.013297921,2968.5910899,2478.3454648,0.00987,0.00526,2164.6884,1153.6232,215445.9208932,355025.5669664001,1.0,1.0,,,,Unknown
21354545,K-12 School,8301 Shore Rd,11209,252507.702828,353287.99789080006,1,2010.0,2010.0,2010-06-04,1,0,0,0,0,0,Benchmarking Group - 39,3060130001,3397296; 3152318,Brooklyn,K-12 School,K-12 School,369600.0,1940,45,107.0,39634698.7,158.8,Not Available,152.2,58826283.7,Not Available,Not Available,Not Available,Not Available,25513219.7,9930005.1,2910317.7,2505.7,370457.0,40.627898,-74.039985,0.006763808,2216.565001,1992.4705381,0.00344,0.00182,1274.37208,674.23174,252507.702828,353287.99789080006,1.0,3060130001.0,NYC DEPARTMENT OF EDUCATION,C,NYC DEPARTMENT OF EDUCATION,Government / Municipal
25968258,Hotel,10 South St.,10004,197287.3059252,330296.7071732001,24,2005.0,2020.0,2020-11-24,22,2,2,0,0,0,Battery Maritime Building,1000020002,1000003,New York,Hotel,Hotel,125086.0,1909,2,233.0,36675805.6,357.6,358.7,196.9,56300861.2,Not Available,Not Available,Not Available,Not Available,26509368.3,10166437.3,2979612,2267.5,157426.0,40.701429,-74.011552,0.014403593,2289.9412839,2060.5111599,0.00987,0.00526,1553.79462,828.06076,197287.3059252,330296.7071732001,1.0,1000020002.0,10 SOUTH STREET LLC,C,10 SOUTH STREET LLC,Corporate / Investment / LLC
15053489,Hotel,212 East 42nd Street,10017,0.0,322274.80891160003,79,2005.0,2021.0,2021-10-09,51,0,28,0,0,0,The Westin New York Grand Central,1013150044,1037547,New York,Hotel,Hotel,481185.0,1980,38,148.0,71191626.5,211.1,211.1,192.3,101588222.2,Not Available,Not Available,Not Available,Not Available,51674002.9,15428893.5,4521949.5,4356.9,481185.0,40.750456,-73.973732,0.009054522,4081.7411552,3733.5510437,0.00987,0.00526,4749.29595,2531.0331,0.0,322274.80891160003,1.0,1013150044.0,DK WGC FEE OWNER LLC,,DK WGC FEE OWNER LLC,Corporate / Investment / LLC
1634319,K-12 School,89-30 114th Street,11418,232884.2446964,315279.77476,13,2008.0,2024.0,2024-07-10,13,0,0,0,0,0,Q475 (OECID: 0400225; BBL: 4093210001),4093210001,4195688,Queens,K-12 School,K-12 School,256800.0,1931,63,88.9,22835428.3,123.3,125.1,140.5,31675749.9,Not Available,18014008,Not Available,Not Available,10500,4810920.3,1409999.9,1744.1,256800.0,40.695888,-73.833681,0.006791667,1752.3630623,1643.79307,0.00344,0.00182,883.3919999999999,467.376,232884.2446964,315279.77476,1.0,4093210001.0,NYC DEPARTMENT OF EDUCATION,C,NYC DEPARTMENT OF EDUCATION,Government / Municipal
1633296,K-12 School,3000 East Tremont Avenue,10461,190556.04120600008,307163.01232400007,29,2006.0,2023.0,2023-03-16,27,2,2,0,0,0,"X405, X406 (OECID: 0200250; BBL: 2053680001)",2053680001,2074045,Bronx,K-12 School,K-12 School,418550.0,1967,55,83.0,34735757.2,132.0,133.7,139.1,55258777.8,Not Available,Not Available,Not Available,Not Available,22900901,10765542,3155199.5,2126.5,418550.0,40.840733,-73.838685,0.005080636,2150.8420045000003,1907.891643,0.00344,0.00182,1439.812,761.761,190556.04120600008,307163.01232400007,1.0,2053680001.0,NYC DEPARTMENT OF EDUCATION,C,NYC DEPARTMENT OF EDUCATION,Government / Municipal
1836836,K-12 School,85 St Joseph's Avenue,10302,219691.57820640004,307086.4070700001,11,2009.0,2023.0,2023-02-23,10,0,1,0,0,0,R445 (OECID: 0500079; BBL: 5011210001),5011210001,5026076,Staten Island,K-12 School,K-12 School,294685.0,1927,51,99.6,29361415.2,143.9,149.7,145.7,42414925.2,Not Available,3221333.9,Not Available,Not Available,19085600.3,6703898.2,1964799.9,1819.5,294685.0,40.634573,-74.141818,0.00617439,1833.4610948,1682.1715025,0.00344,0.00182,1013.7164,536.3267,219691.57820640004,307086.4070700001,1.0,5011210001.0,NYC DEPARTMENT OF EDUCATION,C,NYC DEPARTMENT OF EDUCATION,Government / Municipal
3533663,Hotel,1889 Broadway,10023,77815.20131840002,306539.5259484,29,2005.0,2019.0,2019-02-27,26,2,3,0,0,0,1889 Broadway,1-01115-0057,1027465,New York,Hotel,Hotel,239011.0,1923,Not Available,176.5,43248222.0,272.7,275.9,146.7,66817192.9,Not Available,Not Available,Not Available,Not Available,31015902.1,12232319.9,3585087.5,2681.5,245011.0,40.77095,-73.982158,0.010944407,2708.6137988,2432.5620613,0.00987,0.00526,2418.25857,1288.75786,77815.20131840002,306539.5259484,1.0,1.0,,,,Unknown
1836741,K-12 School,883 Classon Avenue,11225,207497.5329948,306348.5887856,12,2005.0,2022.0,2022-07-27,10,0,2,0,0,0,K440 (OECID: 0300364; BBL: 3011870001),3011870001,3029686,Brooklyn,K-12 School,K-12 School,324000.0,1924,56,91.7,29703614.8,133.1,135.9,141.2,43137728.3,Not Available,3767537.9,Not Available,Not Available,19022000.2,6914076.7,2026399.7,1874.5,324000.0,40.670349,-73.961695,0.005785494,1888.8045261,1732.7717492,0.00344,0.00182,1114.56,589.68,207497.5329948,306348.5887856,1.0,3011870001.0,NYC DEPARTMENT OF EDUCATION,C,NYC DEPARTMENT OF EDUCATION,Government / Municipal
1231058,Financial Office,520 Madison Avenue,10022,0.0,303661.297763056,338,2005.0,2020.0,2020-11-17,319,1,19,0,0,0,520 Madison,1-01289-0014,1035727,New York,Financial Office,Financial Office,990593.9,1982,82,83.2,87160814.5,193.3,193,321.4,202494270.1,Not Available,Not Available,24330109.7,Not Available,1543900,61286804.7,17962132.8,6878.7,1047777.0,40.760107,-73.974768,0.006565042,6511.4350781,5006.700304,0.00846,0.003697004,8864.193420000001,3873.635760108,0.0,303661.297763056,1.0,1.0,,,,Unknown
6300112,Hotel,712 7th Avenue,10036,135257.44680759998,291392.3666,60,2005.0,2020.0,2020-07-21,59,1,1,0,0,0,2 Times Square,1010197501,1024757,New York,Hotel,Hotel,268044.0,1990,1,171.2,45898385.9,353.7,354.9,175.9,94797036.8,Not Available,Not Available,17216281.2,Not Available,3557000,25125104.6,7363746.1,3456.2,268044.0,40.759527,-73.984406,0.012894152,3150.2862457,2497.19639,0.00987,0.00526,2645.5942800000003,1409.91144,135257.44680759998,291392.3666,1.0,1010197501.0,SHERWOOD 48 ASSOC                  JEFFR EY KATZ,,SHERWOOD 48 ASSOC                  JEFFR EY KATZ,Individual / Small Private Owner
15621586,K-12 School,270 59th Street,11220,238768.64962279997,290186.6525828,7,2017.0,2022.0,2022-12-21,6,0,1,0,0,0,K746 (OECID: 0302037; BBL: 3008610037),3008610037,3424758,Brooklyn,K-12 School,K-12 School,118431.0,2020,4,206.8,24496800.7,217.2,232.4,114.7,25721640.7,Not Available,Not Available,Not Available,Not Available,24496800.7,0,0,1301.1,118431.0,40.643211,-74.020802,0.010986144,1298.3304371,1298.3304371,0.00344,0.00182,407.40264,215.54442,238768.64962279997,290186.6525828,1.0,3008610037.0,NYC SCHOOL CONSTRUCTION AUTHORITY,O,NYC SCHOOL CONSTRUCTION AUTHORITY,Government / Municipal
1634421,K-12 School,925 Astor Avenue,10469,188931.53993680005,286893.34286400006,13,2006.0,2018.0,2018-12-18,13,0,0,0,0,0,"X415, X416 (OECID: 0200213; BBL: 2043580001)",2043580001,2050179,Bronx,K-12 School,K-12 School,314575.0,1939,49,92.3,29041205.8,132.3,136,132.0,41607998.3,Not Available,1455071.8,Not Available,Not Available,21201599.6,6384534.4,1871199.8,1773.9,314575.0,40.859665,-73.861006,0.005639037,1787.1064326,1643.0240480000002,0.00344,0.00182,1082.138,572.5265,188931.53993680005,286893.34286400006,1.0,2043580001.0,NYC DEPARTMENT OF EDUCATION,C,NYC DEPARTMENT OF EDUCATION,Government / Municipal
1836710,K-12 School,411 Pearl Street,10038,233459.53569399996,285650.029224,10,2008.0,2023.0,2023-01-23,8,0,2,0,0,0,M520 (OECID: 0100203; BBL: 1001130100),1001130100,1001388,New York,K-12 School,K-12 School,366200.0,1975,29,97.3,35614938.1,171.7,171.3,138.6,62893298.9,Not Available,Not Available,23028678.2,Not Available,30100,12556159.8,3679999.5,2592.2,366200.0,40.711442,-74.000851,0.007078646,2130.8456705,1732.342318,0.00344,0.00182,1259.728,666.484,233459.53569399996,285650.029224,1.0,1001130100.0,CITY OF NEW YORK,C,CITY OF NEW YORK,Government / Municipal
19472714,K-12 School,2057 Boston Road,10460,204203.6114052001,285634.2877884001,0,,,,0,0,0,0,0,0,2057 Boston Road & 1010-1028 East 178th Street - Parent Property,2-03130-0100;2-03136-0101,2013245;2013279,Bronx,K-12 School,K-12 School,268993.0,1972,21,104.4,28080525.2,147.6,148.9,108.4,39714570.4,Not Available,Not Available,Not Available,Not Available,22234800.1,5845725.1,1713283.8,1675.2,268993.0,40.84129,-73.879068,0.006227671,1687.2896939000002,1555.3668413000005,0.00344,0.00182,925.33592,489.56726,204203.6114052001,285634.2877884001,1.0,2.0,,,,Unknown
12803026,Hotel,400 West 42nd Street,10036,42243.21672400001,285569.44802919996,1,2021.0,2021.0,2021-01-14,1,0,0,0,0,0,Pod Hotel 42 - 400 West 42nd Street,1010517503;1010510035,1089690;1026327;1026341;1026328;1026329,New York,Hotel,Hotel,247248.0,2014,20,161.9,43641313.0,266.3,268,203.4,71756475.8,Not Available,Not Available,Not Available,Not Available,28822400.3,14818912.7,4343174.3,2783.7,269492.0,40.758504,-73.992835,0.010329435,2817.509983,2483.0855619,0.00987,0.00526,2659.88604,1417.52792,42243.21672400001,285569.44802919996,2.0,1010510035.0; 1010517503.0,UNAVAILABLE OWNER,,UNAVAILABLE OWNER,Individual / Small Private Owner
4151629,K-12 School,231 West 246th Street,10471,232593.92490600003,283055.27252,7,2008.0,2017.0,2017-07-26,7,0,0,0,0,0,231 West 246th Street (Horace Mann),2058141401,2127947;2084360;2084361;2084362;2103852;2103853;2103923;2109449;2109450;2109451,Bronx,K-12 School,K-12 School,356924.0,1944,33,79.7,28442482.1,168.4,168.2,142.8,60101774.8,Not Available,Not Available,Not Available,Not Available,11164100,17278382.1,5064003.5,2053.7,356924.0,40.892561,-73.898853,0.005753886,2095.7063395,1705.77807,0.00344,0.00182,1227.81856,649.60168,232593.92490600003,283055.27252,1.0,2058141401.0,HORACE MANN BAINARD SCHL,X,HORACE MANN BAINARD SCHL,Individual / Small Private Owner
6232545,Hotel,5 Beekman Street,10038,0.0,273405.90998119995,26,2005.0,2020.0,2020-07-17,22,1,4,0,0,0,(7648) - 5 Beekman Street,1-00090-7503,1089791,New York,Hotel,Hotel,190399.0,1900,1,148.1,46493783.7,256.3,256.2,130.0,80459668.8,Not Available,Not Available,Not Available,Not Available,28413100.3,18080683.4,5299144.5,3037.7,313980.0,40.711393,-74.006666,0.00967482,3079.7402324000004,2671.7061059,0.00987,0.00526,3098.9826000000003,1651.5348,0.0,273405.90998119995,1.0,1.0,,,,Unknown
6672808,Hotel,39-16 PRINCE ST,11354,18563.29582559989,267087.2184516,8,2014.0,2019.0,2019-09-04,8,0,0,0,0,0,39-16 Prince St.,4049737501,4596186,Flushing,Mixed Use Property,Hotel,172486.0,2015,Not Available,150.6,43637109.3,267.4,270.3,89.3,77467874.6,Not Available,Not Available,Not Available,Not Available,25552017.9,18085091.4,5300436.5,3323.5,289688.0,40.759485,-73.832244,0.011472688,2928.4865892,2520.3529787,0.00987,0.00526,2859.22056,1523.75888,18563.29582559989,267087.2184516,1.0,4049737501.0,UNAVAILABLE OWNER,,UNAVAILABLE OWNER,Individual / Small Private Owner
1954047,Financial Office,299 Park Avenue,10171,0.0,263903.17676873616,315,2005.0,2020.0,2020-09-14,301,0,14,0,0,0,Fisher - 299 Park Avenue,1013030001,1036223,New York,Financial Office,Financial Office,879136.4,1967,54,87.1,111389976.4,168.9,167.8,179.5,215921344.4,Not Available,Not Available,60095841.8,Not Available,Not Available,51294134.6,15033449.1,8326.7,1278462.0,40.756456,-73.974495,0.00651306,7169.2472637,5711.192474,0.00846,0.003697004,10815.78852,4726.479127848,0.0,263903.17676873616,1.0,1013030001.0,FISHER PARK LANE OWNER LLC,,FISHER PARK LANE OWNER LLC,Corporate / Investment / LLC
1357971,Financial Office,240 Greenwich St,10286,0.0,258811.8856726883,137,2006.0,2020.0,2020-07-28,131,0,6,0,0,0,240 Greenwich St,1-00128-0002,1001416,New York,Financial Office,Financial Office,1081579.0,1983,75,78.9,92809259.8,182.8,183,243.3,215089931.2,Not Available,Not Available,26817531.8,Not Available,1114000,64877728,19014572.1,10929.1,1176421.0,40.714055,-74.011612,0.009290127,6913.158844700001,5314.949134000001,0.00846,0.003697004,9952.52166,4349.233142684,0.0,258811.8856726883,1.0,1.0,,,,Unknown
4991661,Financial Office,4 Metrotech Center,11245,0.0,240127.5231647524,0,,,,0,0,0,0,0,0,Chase Metrotech Campus (3&4),3-02058-0017;3-02059-0001,3058223;3319505,Brooklyn,Financial Office,Financial Office,1788709.0,1990,Not Available,65.3,116764025.3,179.7,185.8,116.4,321438370.5,Not Available,761759.9,Not Available,Not Available,2364200,113638065.3,33305407.8,12537.4,1788709.0,40.693652,-73.98369,0.007009189,10073.3789492,7508.862548600001,0.00846,0.003697004,15132.47814,6612.864327836,0.0,240127.5231647524,1.0,3.0,,,,Unknown
4406842,Medical Office,541 E 71st Street,10021,194772.021834,217084.46970400005,10,2006.0,2022.0,2022-11-08,8,1,2,0,0,0,HSS - Caspary Research Center (Pavilion),1-01483-0023,1046258,New York,Medical Office,Medical Office,78589.0,1939,1,287.4,22588847.9,580.6,587.4,209.1,45631908.1,Not Available,Not Available,11031508.7,Not Available,Not Available,11557339.2,3387262,1989,78589.0,40.765735,-73.9532,0.025308885,1502.4347055,1186.457988,0.00987,0.00479,775.67343,376.44131,194772.021834,217084.46970400005,1.0,1.0,,,,Unknown
33978671,Financial Office,500 Park Ave,10022,163931.7129012,204443.22092918397,98,2005.0,2020.0,2020-02-27,94,0,4,0,0,0,500 Park Avenue (Office V2),1012940037,1036084,New York,Financial Office,Financial Office,103178.0,1959,4,196.6,20287623.8,447.0,461,200.5,46118142.2,Not Available,Not Available,6692222.6,Not Available,Not Available,13595401.2,3984583.7,1922.5,103178.0,40.762977,-73.97037,0.018632848,1484.5713759,1144.297318,0.00846,0.003697004,872.88588,381.449478712,163931.7129012,204443.22092918397,1.0,1012940037.0,500 PARK COMMERCIAL OWNER LLC,,500 PARK COMMERCIAL OWNER LLC,Corporate / Investment / LLC
19929005,Medical Office,1045 39th Street,11219,184195.80881879997,146711.338088,3,2007.0,2013.0,2013-04-11,3,0,0,0,0,0,Maimonides - 1045-1057 39th Street (Not Required),3052880061,3122928,Brooklyn,Medical Office,Medical Office,15200.0,1930,1,632.9,9619334.4,1772.0,1772,176.8,26934136.5,Not Available,Not Available,Not Available,Not Available,Not Available,9619334.4,2819265.3,1045.9,15200.0,40.643899,-73.991694,0.068809211,837.3217940999999,620.2383659999999,0.00987,0.00479,150.024,72.80799999999999,184195.80881879997,146711.338088,1.0,3052880061.0,ZEE JAY REALTY CO,,ZEE JAY REALTY CO,Corporate / Investment / LLC
4941502,Medical Office,199 Mount Eden Parkway,10457,103227.434928,141802.39631880002,9,2010.0,2020.0,2020-02-27,8,1,1,0,0,0,199 Mt Eden Health and Wellness Center,2-02824-0019,2124546,New York,Medical Office,Medical Office,66070.0,2010,1,213.6,14114831.7,449.3,446.1,207.9,29685974.7,Not Available,Not Available,Not Available,Not Available,5620316.7,8494515,2489599.7,1016.7,66070.0,40.842937,-73.909692,0.015388225,1037.287896,845.5887191,0.00987,0.00479,652.1109,316.4753,103227.434928,141802.39631880002,1.0,2.0,,,,Unknown
1463980,Financial Office,350 Park Avenue,10022,0.0,120835.76399305608,275,2005.0,2020.0,2020-12-29,258,0,17,0,0,0,350 Park Avenue,1012870033,1035473,New York,Financial Office,Financial Office,317859.0,1960,55,83.3,45163347.2,178.2,176.8,190.8,96593054.9,Not Available,Not Available,18700742.5,Not Available,Not Available,26462604.7,7755744.9,3478.9,541902.0,40.758224,-73.973231,0.006419795,3144.9896478,2454.2935780000003,0.00846,0.003697004,4584.49092,2003.413861608,0.0,120835.76399305608,1.0,1012870033.0,350 PARK EAT LLC,,350 PARK EAT LLC,Corporate / Investment / LLC
21355361,Medical Office,1721 Amsterdam Ave,10031,58639.87968159998,114135.3748324,1,2019.0,2019.0,2019-02-25,1,0,0,0,0,0,H+H_4286_Lower Washington Heights NFCC Clinic,1020600001,1061339,New York,Medical Office,Medical Office,59209.0,1974,5,210.9,12487298.6,344.2,342.4,211.9,20378369.8,Not Available,Not Available,Not Available,Not Available,8334895.1,4152403.6,1216999.7,793.8,59209.0,40.825329,-73.947521,0.013406746,803.1983511999999,709.4893743,0.00987,0.00479,584.39283,283.61111,58639.87968159998,114135.3748324,1.0,1020600001.0,NYC HEALTH AND HOSPITALS CORPORATION,C,NYC HEALTH AND HOSPITALS CORPORATION,Government / Municipal
4343413,Medical Office,333 E. 38th St,10016,0.0,107652.83960000004,39,2005.0,2021.0,2021-02-01,37,2,2,0,0,0,333 E. 38th St,1-00944-7502,1021925,New York,Medical Office,Medical Office,234639.0,1928,Not Available,112.5,45484245.1,219.1,219.4,232.8,88596872.5,Not Available,Not Available,24270514.2,Not Available,Not Available,21213730.9,6217388.1,3405,404375.0,40.746756,-73.972727,0.008420402,2938.7374047,2338.64595,0.00987,0.00479,3991.18125,1936.95625,0.0,107652.83960000004,1.0,1.0,,,,Unknown
23307954,Medical Office,6010 Bay Parkway,11204,46079.61825880001,107104.3640392,31,2008.0,2020.0,2020-06-04,27,2,4,0,0,0,NY_0014- CALKO MEDICAL CENTER,3055220036,3413866,Brooklyn,Medical Office,Medical Office,85567.0,2013,40,155.3,13287476.7,350.6,353.1,325.4,30001907.1,Not Available,Not Available,Not Available,Not Available,4116015.8,9171460.9,2688001.1,1215.8,85567.0,40.616584,-73.978594,0.014208749,1016.4851641,809.5090794,0.00987,0.00479,844.54629,409.86593,46079.61825880001,107104.3640392,1.0,3055220036.0,MP IV DOC BROOKLYN MOB INC.,,MP IV DOC BROOKLYN MOB INC.,Corporate / Investment / LLC
4939723,Financial Office,380 Lafayette Street,10003,70223.97501,107101.020403664,24,2005.0,2023.0,2023-01-26,20,1,4,0,0,0,380 Lafayette Street,1-00531-7504,1008509,New York,Financial Office,Financial Office,39087.0,1906,Not Available,198.9,11075780.6,385.9,382.2,116.4,21492495.4,Not Available,Not Available,Not Available,Not Available,4543800.3,5655980.4,1657672.8,785.5,55688.0,40.727502,-73.993473,0.014105373,733.1502375,605.5094319,0.00846,0.003697004,471.12048,205.878758752,70223.97501,107101.020403664,1.0,1.0,,,,Unknown
2795490,Medical Office,429 E 75th Street,10021,104781.2235128,106837.7388256,18,2007.0,2024.0,2024-11-13,14,2,4,0,0,0,HSS - 429 E 75th Street,1-01470-0016,1045927,New York,Medical Office,Medical Office,30073.0,1932,1,294.2,8847134.5,683.0,688.7,183.4,20541127.0,Not Available,Not Available,Not Available,Not Available,2417628.4,6429506.1,1884380.2,827.5,30073.0,40.76943,-73.953782,0.027516377,687.7952246,542.6979492,0.00987,0.00479,296.82051,144.04967,104781.2235128,106837.7388256,1.0,1.0,,,,Unknown
7073922,Medical Office,2315 Broadway,10024,86931.05947319997,102909.82563560003,19,2006.0,2016.0,2016-05-20,18,1,1,0,0,0,2315 Broadway,1012310055,1032791,New York,Medical Office,Medical Office,41284.0,2012,1,231.0,9535805.5,524.5,524.5,194.9,21652205.6,Not Available,Not Available,Not Available,Not Available,2884599.9,6651205.6,1949356.6,715.5,41284.0,40.786902,-73.977708,0.017331169,731.8427049,581.7422467000001,0.00987,0.00479,407.47308,197.75036,86931.05947319997,102909.82563560003,1.0,1012310055.0,2315 BROADWAY LLC,,2315 BROADWAY LLC,Corporate / Investment / LLC
21311400,Medical Office,1776 Clay Ave,10457,62064.04827959998,99448.34586320004,5,2005.0,2022.0,2022-02-09,4,0,1,0,0,0,1776 Clay Ave,2-02891-0037,2009358,Bronx,Medical Office,Medical Office,43285.0,1925,1,234.3,10141900.7,390.0,386.9,189.3,16883197.4,Not Available,Not Available,Not Available,Not Available,6579499.8,3562400.9,1044079.9,650.6,43285.0,40.846139,-73.904718,0.015030611,658.8052197,578.4110674000001,0.00987,0.00479,427.22295,207.33515,62064.04827959998,99448.34586320004,1.0,2.0,,,,Unknown
6626385,Medical Office,253 ASHLAND PLACE,11217,0.0,95760.11841960004,0,,,,0,0,0,0,0,0,253 ASHLAND PLACE,3021080001,3424471;3059176,Brooklyn,Medical Office,Medical Office,162895.0,2016,68,118.1,19300455.6,233.2,232.7,272.1,38111375.7,Not Available,Not Available,Not Available,Not Available,9102799.9,10197655.6,2988761.5,1345.6,163395.0,40.687808,-73.978329,0.008235258,1370.1105602,1139.9759247000002,0.00987,0.00479,1612.70865,782.66205,0.0,95760.11841960004,1.0,3021080001.0,THE NEW YORK HOTEL TRADES COUNCIL AND HO TEL ASSOCI,,THE NEW YORK HOTEL TRADES COUNCIL AND HO TEL ASSOCI,Individual / Small Private Owner
6820202,Medical Office,85 West Burnside Avenue,10453,49360.29866519998,87969.4103848,3,2006.0,2014.0,2014-05-19,3,0,0,0,0,0,Morris Heights Health Center,2-03210-0065,2014571,Bronx,Medical Office,Medical Office,38000.0,1987,10,241.0,9157616.5,353.0,361.9,241.0,13413375.8,Not Available,Not Available,Not Available,Not Available,6987400.2,2170216.3,636053.9,554.6,38000.0,40.854655,-73.91063,0.014594737,559.2402189,510.2640686,0.00987,0.00479,375.06,182.02,49360.29866519998,87969.4103848,1.0,2.0,,,,Unknown
19927224,Medical Office,101 Pennsylvania Ave,37312,24648.145455999995,87138.30524000002,10,2016.0,2020.0,2020-09-03,8,1,2,0,0,0,Emblem - Lindenwood Replacement Center,3036870012,3326728,Brooklyn,Medical Office,Medical Office,75041.0,2015,24,153.2,11496127.9,313.8,315.9,253.0,23550458.1,Not Available,Not Available,Not Available,Not Available,4936400,6559727.9,1922546,994,75041.0,,,0.013246092,832.625362,684.58932,0.00987,0.00479,740.65467,359.44639,24648.145455999995,87138.30524000002,1.0,3036870012.0,ATLANTIC 2644 SPE LLC,,ATLANTIC 2644 SPE LLC,Corporate / Investment / LLC
2731796,Medical Office,3411 Wayne Ave,10467,0.0,80723.1274124,10,2006.0,2023.0,2023-04-04,8,0,2,0,0,0,3411 Wayne Ave,2033430300,2018227,Bronx,Medical Office,Medical Office,86825.0,1961,70,129.9,15035100.8,213.9,215.9,255.5,24768732.2,Not Available,Not Available,Not Available,Not Available,9902600.1,5132500.8,1504249.7,959.9,115776.0,40.879687,-73.87795,0.00829101,971.5999662,855.7727393,0.00987,0.00479,1142.70912,554.56704,0.0,80723.1274124,1.0,2033430300.0,MMC RESIDENTIAL CORP,X,MMC RESIDENTIAL CORP,Corporate / Investment / LLC
1273025,Financial Office,90 Park Avenue,10016,0.0,73014.63709724805,334,2005.0,2019.0,2019-10-01,321,0,13,0,0,0,90 Park Avenue,1008690034,1017595,New York,Office,Office,698493.0,1964,73,75.9,66032337.6,154.8,153,217.0,134628425.4,Not Available,Not Available,31473646.5,Not Available,Not Available,34558691.2,10128571.8,5011.4,869566.0,40.750504,-73.978865,0.005763105,4424.4999171,3487.231656,0.00846,0.003697004,7356.52836,3214.7889802639997,0.0,73014.63709724805,1.0,1008690034.0,"NINETY PARK PROPERTY, LLC",,"NINETY PARK PROPERTY, LLC",Corporate / Investment / LLC
1045358,Financial Office,320 Park Avenue,10022,0.0,69246.13294651199,185,2005.0,2020.0,2020-10-30,179,0,6,0,0,0,320 Park Avenue,1-01286-0035,1035464,New York,Financial Office,Financial Office,712820.0,1994,73,71.8,51845521.5,163.5,163.5,226.4,118068755.6,Not Available,Not Available,16968943,Not Available,Not Available,34876578.5,10221739.2,4075.2,721979.0,40.75745,-73.973798,0.005644486,3799.4589774,2927.540344,0.00846,0.003697004,6107.9423400000005,2669.159250916,0.0,69246.13294651199,1.0,1.0,,,,Unknown
21353771,Medical Office,100 North Portland Ave,11205,0.0,66505.67383920001,13,2005.0,2021.0,2021-02-26,13,3,0,0,0,0,H+H_4309_Cumberland Diagnostic and Treatment Center,3020390101,3251647,Brooklyn,Medical Office,Medical Office,117900.0,1952,99,130.1,15337669.8,136.6,143.4,286.9,16104553.3,Not Available,Not Available,Not Available,Not Available,15337669.8,Not Available,Not Available,814.7,117900.0,40.695268,-73.976232,0.006910093,812.8964994,812.8964994,0.00987,0.00479,1163.673,564.741,0.0,66505.67383920001,1.0,3020390101.0,NYC HEALTH AND HOSPITALS CORPORATION,C,NYC HEALTH AND HOSPITALS CORPORATION,Government / Municipal
21355367,Medical Office,2094 Pitkin Ave,11207,0.0,65190.11257160001,3,2014.0,2021.0,2021-02-26,3,0,0,0,0,0,H+H_4312_East New York Diagnostic & Treatment Center,3037380015,3083929,Brooklyn,Medical Office,Medical Office,72755.0,1973,33,142.4,10362733.0,238.7,237.4,208.3,17363274.0,Not Available,Not Available,Not Available,Not Available,6658501.9,3704231.1,1085647.9,666.8,72755.0,40.671977,-73.895248,0.009165006,675.338027,591.7431387,0.00987,0.00479,718.09185,348.49645,0.0,65190.11257160001,1.0,3037380015.0,NYC HEALTH AND HOSPITALS CORPORATION,C,NYC HEALTH AND HOSPITALS CORPORATION,Government / Municipal
5882588,Medical Office,447 Atlantic Avenue,11217,20001.946679199988,63649.194392,8,2007.0,2019.0,2019-03-26,7,1,1,0,0,0,Emblem - Atlantic Avenue,3001780046,3395609,Brooklyn,Medical Office,Medical Office,47265.0,2007,11,169.5,8011482.8,304.7,304.9,210.1,14401927.0,Not Available,Not Available,Not Available,Not Available,4588700,3422782.9,1003160.2,533.1,47265.0,40.686398,-73.982783,0.011278959,541.1396794,463.896344,0.00987,0.00479,466.50555,226.39935,20001.946679199988,63649.194392,1.0,3001780046.0,BROOKMED PARTNERS FEE LLC,,BROOKMED PARTNERS FEE LLC,Corporate / Investment / LLC
2654447,Medical Office,1695 Eastchester Rd,10461,0.0,60649.39269880003,7,2006.0,2013.0,2013-07-30,5,1,2,0,0,0,1695 Eastchester Rd,2040850180,2044222,Bronx,Medical Office,Medical Office,79098.0,1992,26,123.4,9761673.5,298.8,296,246.6,23638082.7,Not Available,Not Available,Not Available,Not Available,2111201.7,7650471.8,2242224.7,758.9,79098.0,40.846129,-73.844705,0.009594427,777.8344260000001,605.1831241000001,0.00987,0.00479,780.69726,378.87942,0.0,60649.39269880003,1.0,2040850180.0,"1695 EASTCHESTER,    .",,"1695 EASTCHESTER,    .",Individual / Small Private Owner
4409996,Medical Office,200 West 57th Street,10019,0.0,60315.83630760002,95,2005.0,2020.0,2020-11-06,94,0,1,0,0,0,Feil - 200 West 57th Street,1-01028-0033,1024896,New York,Medical Office,Medical Office,91888.0,1917,Not Available,102.9,18389101.3,198.8,199.6,232.8,35523183.9,Not Available,Not Available,Not Available,Not Available,9123599.9,9265501.4,2715562.8,1267.9,178688.0,40.765628,-73.980315,0.007095608,1290.0729463,1080.9746107,0.00987,0.00479,1763.65056,855.91552,0.0,60315.83630760002,1.0,1.0,,,,Unknown
21355365,Medical Office,545 East 142nd St,10454,0.0,53768.79505639999,4,2010.0,2011.0,2011-03-03,4,1,0,0,0,0,H+H_4306_Segundo Ruiz Belvis Diagnostic and Treatment Center,2022690021,2090354,Bronx,Medical Office,Medical Office,62684.0,1972,26,137.5,8620885.4,251.4,251.4,206.2,15757076.4,Not Available,Not Available,Not Available,Not Available,4789373.1,3831512.4,1122951.9,578.3,62684.0,40.809973,-73.916434,0.00922564,587.3534886,500.88619229999995,0.00987,0.00479,618.69108,300.25636,0.0,53768.79505639999,1.0,2022690021.0,NYC HEALTH AND HOSPITALS CORPORATION,C,NYC HEALTH AND HOSPITALS CORPORATION,Government / Municipal
1575272,Financial Office,535 Madison Avenue,10022,0.0,50566.32471051205,175,2005.0,2019.0,2019-10-22,169,0,6,0,0,0,PTG - 535 Madison Ave,1-01290-0021,1035747,New York,Financial Office,Financial Office,292344.0,1981,58,71.5,34737765.3,165.9,166,186.4,80602864.9,Not Available,Not Available,10434130.8,Not Available,Not Available,24303634.5,7122987,2747.5,485729.0,40.760354,-73.973454,0.005656446,2585.0630250000004,1984.422372,0.00846,0.003697004,4109.26734,1795.742055916,0.0,50566.32471051205,1.0,1.0,,,,Unknown
14844889,Financial Office,723 7th Avenue,10019,0.0,40076.93563280001,10,2009.0,2019.0,2019-01-10,10,0,0,0,0,0,723 7th Avenue,1-01001-0001,1022688,New York,Financial Office,Financial Office,39875.0,1920,83,106.7,5026986.8,183.1,186.9,310.3,8626386.4,Not Available,1663590.2,Not Available,Not Available,1412200.1,1951196.5,571862.9,363.4,47125.0,40.759974,-73.984067,0.007711406,367.7955614,323.7621181,0.00846,0.003697004,398.6775,174.22131349999998,0.0,40076.93563280001,1.0,1.0,,,,Unknown
6724620,Financial Office,18-41 Stephen Street,11385,0.0,34859.821008784005,5,2018.0,2024.0,2024-04-01,4,0,1,0,0,0,Ridgewood,Not Available,4086299,ridgewood,Financial Office,Financial Office,51928.0,1921,43,102.3,5314561.4,226.0,225.5,208.9,11736722.1,Not Available,Not Available,Not Available,Not Available,1796599.9,3517961.5,1031055.4,392.8,51928.0,40.69933,-73.90025,0.00756432,401.4432485,322.0519827,0.00846,0.003697004,439.31088000000005,191.978023712,0.0,34859.821008784005,,,,,,
2691165,Financial Office,1 William Street,10004,0.0,22376.127323200013,20,2006.0,2023.0,2023-03-22,20,0,0,0,0,0,1 William Street,1000290036,1078995,New York,Financial Office,Financial Office,61250.0,1907,76,66.0,7421771.3,149.8,151.1,208.8,16847215.5,Not Available,2194689.6,Not Available,Not Available,3000,5224081.8,1531090.6,604.7,112500.0,40.704827,-74.009792,0.005375111,617.2999386,499.4059624,0.00846,0.003697004,951.75,415.91295,0.0,22376.127323200013,1.0,1000290036.0,INTESA SANPAOLO S.P.A.,,INTESA SANPAOLO S.P.A.,Individual / Small Private Owner
6664399,Financial Office,36-01 43rd Avenue,11101,0.0,1140.7442779999988,3,2006.0,2008.0,2008-12-04,3,0,0,0,0,0,"Thirty-Six O One, LLC",4002170005,4003129,Long Island City,Financial Office,Financial Office,38700.0,1920,83,63.4,2453175.7,134.8,135.9,230.1,5215288.7,Not Available,Not Available,Not Available,Not Available,944916.1,1508259.6,442045.5,177.7,38700.0,40.746075,-73.928413,0.004591731,181.3680668,147.3305633,0.00846,0.003697004,327.40200000000004,143.0740548,0.0,1140.7442779999988,1.0,4002170005.0,"THIRTY-SIX O ONE,    .,",,"THIRTY-SIX O ONE,    .,",Individual / Small Private Owner
